tornado/web.py,7
tornado/test/template_test.py,1
tornado/locale.py,1
tornado/curl_httpclient.py,1
tornado/test/httpclient_test.py,1
tornado/httpclient.py,1
tornado/test/simple_httpclient_test.py,3
tornado/template.py,3
tornado/ioloop.py,3
tornado/httpserver.py,3
tornado/test/wsgi_test.py,1
tornado/auth.py,2
tornado/test/escape_test.py,1
tornado/gen.py,1
tornado/test/httpserver_test.py,3
tornado/iostream.py,3
demos/benchmark/chunk_benchmark.py,1
tornado/wsgi.py,2
tornado/escape.py,1
tornado/websocket.py,3
tornado/simple_httpclient.py,3
tornado/test/iostream_test.py,1
tornado/test/gen_test.py,1
tornado/test/web_test.py,2
tornado/database.py,1
tornado/test/httputil_test.py,2
tornado/httputil.py,2
tornado/autoreload.py,2
