FileName,hasattr,getattr,callable,globals,locals,isinstance,issubclass,type,vars,super,setattr, delattr,del,eval,exec,execfile,__import__,reload
E:\Source code on python\Other\bzr-2.5.0\bzrlib\tests\test_cleanup.py,0,0,0,0,0,0,0,0,0,0,0,0,0,0,0,0,0,0
E:\Source code on python\Other\bzr-2.5.0\bzrlib\tests\per_branch\test_uncommit.py,0,0,0,0,0,0,0,0,0,0,0,0,0,0,0,0,0,0
E:\Source code on python\Other\bzr-2.5.0\bzrlib\tests\per_branch\test_revision_id_to_dotted_revno.py,0,0,0,0,0,0,0,0,0,0,0,0,0,0,0,0,0,0
E:\Source code on python\Other\bzr-2.5.0\bzrlib\tests\per_branch\test_revision_id_to_revno.py,0,0,0,0,0,0,0,0,0,0,0,0,0,0,0,0,0,0
E:\Source code on python\Other\bzr-2.5.0\bzrlib\tests\per_interbranch\test_pull.py,0,0,0,0,0,0,0,0,0,0,0,0,0,0,0,0,0,0
E:\Source code on python\Other\bzr-2.5.0\bzrlib\tests\per_branch\test_update.py,0,0,0,0,0,0,0,0,0,0,0,0,0,0,0,0,0,0
E:\Source code on python\Other\bzr-2.5.0\bzrlib\tests\test_commit_merge.py,0,0,0,0,0,0,0,0,0,0,0,0,0,0,0,0,0,0
E:\Source code on python\Other\bzr-2.5.0\bzrlib\tests\test_decorators.py,0,0,0,0,0,0,0,0,0,0,0,0,0,0,0,0,0,0
E:\Source code on python\Other\bzr-2.5.0\bzrlib\tests\test_merge_core.py,0,0,0,0,0,0,0,0,0,0,0,0,0,0,0,0,0,0
E:\Source code on python\Other\bzr-2.5.0\bzrlib\tests\test_lru_cache.py,0,0,0,0,0,0,0,0,0,0,0,0,0,0,0,0,0,0
E:\Source code on python\Other\bzr-2.5.0\bzrlib\tests\test_inv.py,0,0,0,0,0,0,0,0,0,0,0,0,0,0,0,0,0,0
E:\Source code on python\Other\bzr-2.5.0\bzrlib\tests\test_mutabletree.py,0,0,0,0,0,0,0,0,0,0,0,0,0,0,0,0,0,0
E:\Source code on python\Other\bzr-2.5.0\bzrlib\tests\per_branch\test_check.py,0,0,0,0,0,0,0,0,0,0,0,0,0,0,0,0,0,0
E:\Source code on python\Other\bzr-2.5.0\bzrlib\tests\blackbox\test_status.py,0,0,0,0,0,0,0,0,0,0,0,0,0,0,0,0,0,0
E:\Source code on python\Other\bzr-2.5.0\bzrlib\tests\blackbox\test_unknowns.py,0,0,0,0,0,0,0,0,0,0,0,0,0,0,0,0,0,0
E:\Source code on python\Other\bzr-2.5.0\bzrlib\tests\blackbox\test_modified.py,0,0,0,0,0,0,0,0,0,0,0,0,0,0,0,0,0,0
E:\Source code on python\Other\bzr-2.5.0\bzrlib\tests\blackbox\test_locale.py,0,0,0,0,0,0,0,0,0,0,0,0,0,0,0,0,0,0
E:\Source code on python\Other\bzr-2.5.0\bzrlib\tests\per_repository_reference\test_all_revision_ids.py,0,0,0,0,0,0,0,0,0,0,0,0,0,0,0,0,0,0
E:\Source code on python\Other\bzr-2.5.0\bzrlib\tests\per_repository_reference\test_add_inventory.py,0,0,0,0,0,0,0,0,0,0,0,0,0,0,0,0,0,0
E:\Source code on python\Other\bzr-2.5.0\bzrlib\tests\per_repository_reference\test_default_stacking.py,0,0,0,0,0,0,0,0,0,0,0,0,0,0,0,0,0,0
E:\Source code on python\Other\bzr-2.5.0\bzrlib\tests\per_interbranch\__init__.py,0,0,0,0,0,0,0,0,0,0,0,0,0,0,0,0,0,0
E:\Source code on python\Other\bzr-2.5.0\bzrlib\tests\per_controldir\test_format.py,0,0,0,0,0,0,0,0,0,0,0,0,0,0,0,0,0,0
E:\Source code on python\Other\bzr-2.5.0\bzrlib\tests\commands\test_merge.py,0,0,0,0,0,0,0,0,0,0,0,0,0,0,0,0,0,0
E:\Source code on python\Other\bzr-2.5.0\bzrlib\tests\commands\test_init_repository.py,0,0,0,0,0,0,0,0,0,0,0,0,0,0,0,0,0,0
E:\Source code on python\Other\bzr-2.5.0\bzrlib\tests\blackbox\test_versioning.py,0,0,0,0,0,0,0,0,0,0,0,0,0,0,0,0,0,0
E:\Source code on python\Other\bzr-2.5.0\bzrlib\tests\commands\test_checkout.py,0,0,0,0,0,0,0,0,0,0,0,0,0,0,0,0,0,0
E:\Source code on python\Other\bzr-2.5.0\bzrlib\tests\blackbox\test_update.py,0,0,0,0,0,0,0,0,0,0,0,0,0,0,0,0,0,0
E:\Source code on python\Other\bzr-2.5.0\bzrlib\tests\commands\test_cat.py,0,0,0,0,0,0,0,0,0,0,0,0,0,0,0,0,0,0
E:\Source code on python\Other\bzr-2.5.0\bzrlib\tests\test_tag.py,0,0,0,0,0,0,0,0,0,0,0,0,0,0,0,0,0,0
E:\Source code on python\Other\bzr-2.5.0\bzrlib\tests\per_workingtree\test_unversion.py,0,0,0,0,0,0,0,0,0,0,0,0,0,0,0,0,0,0
E:\Source code on python\Other\bzr-2.5.0\bzrlib\tests\per_workingtree\test_add.py,0,0,0,0,0,0,0,0,0,0,0,0,0,0,0,0,0,0
E:\Source code on python\Other\bzr-2.5.0\bzrlib\tests\per_workingtree\test_inv.py,0,0,0,0,0,0,0,0,0,0,0,0,0,0,0,0,0,0
E:\Source code on python\Other\bzr-2.5.0\bzrlib\tests\per_workingtree\test_is_ignored.py,0,0,0,0,0,0,0,0,0,0,0,0,0,0,0,0,0,0
E:\Source code on python\Other\bzr-2.5.0\bzrlib\tests\per_workingtree\test_mkdir.py,0,0,0,0,0,0,0,0,0,0,0,0,0,0,0,0,0,0
E:\Source code on python\Other\bzr-2.5.0\bzrlib\tests\per_workingtree\test_is_control_filename.py,0,0,0,0,0,0,0,0,0,0,0,0,0,0,0,0,0,0
E:\Source code on python\Other\bzr-2.5.0\bzrlib\tests\test_cmdline.py,0,0,0,0,0,0,0,0,0,0,0,0,0,0,0,0,0,0
E:\Source code on python\Other\bzr-2.5.0\bzrlib\tests\test_annotate.py,0,0,0,0,0,0,0,0,0,0,0,0,0,0,0,0,0,0
E:\Source code on python\Other\bzr-2.5.0\bzrlib\tests\doc_generate\builders\test_texinfo.py,0,0,0,0,0,0,0,0,0,0,0,0,0,0,0,0,0,0
E:\Source code on python\Other\bzr-2.5.0\bzrlib\tests\per_workingtree\test_put_file.py,0,0,0,0,0,0,0,0,0,0,0,0,0,0,0,0,0,0
E:\Source code on python\Other\bzr-2.5.0\bzrlib\tests\test_utextwrap.py,0,0,0,0,0,0,0,0,0,0,0,0,0,0,0,0,0,0
E:\Source code on python\Other\bzr-2.5.0\bzrlib\tests\test_weave.py,0,0,0,0,0,0,0,0,0,0,0,0,0,0,0,0,0,0
E:\Source code on python\Other\bzr-2.5.0\bzrlib\tests\test_smart_request.py,0,0,0,0,0,0,0,0,0,0,0,0,0,0,0,0,0,0
E:\Source code on python\Other\bzr-2.5.0\bzrlib\tests\blackbox\test_merge_directive.py,0,0,0,0,0,0,0,0,0,0,0,0,0,0,0,0,0,0
E:\Source code on python\Other\bzr-2.5.0\bzrlib\tests\commands\test_init.py,0,0,0,0,0,0,0,0,0,0,0,0,0,0,0,0,0,0
E:\Source code on python\Other\bzr-2.5.0\bzrlib\tests\commands\__init__.py,0,0,0,0,0,0,0,0,0,0,0,0,0,0,0,0,0,0
E:\Source code on python\Other\bzr-2.5.0\bzrlib\tests\test_fetch.py,0,0,0,0,0,0,0,0,0,0,0,0,0,0,0,0,0,0
E:\Source code on python\Other\bzr-2.5.0\bzrlib\tests\test_lock.py,0,0,0,0,0,0,0,0,0,0,0,0,0,0,0,0,0,0
E:\Source code on python\Other\bzr-2.5.0\bzrlib\tests\test_crash.py,0,0,0,0,0,0,0,0,0,0,0,0,0,0,0,0,0,0
E:\Source code on python\Other\bzr-2.5.0\bzrlib\tests\http_utils.py,0,0,0,0,0,0,0,0,0,0,0,0,0,0,0,0,0,0
E:\Source code on python\Other\bzr-2.5.0\bzrlib\tests\per_workingtree\test_get_file_mtime.py,0,0,0,0,0,0,0,0,0,0,0,0,0,0,0,0,0,0
E:\Source code on python\Other\bzr-2.5.0\bzrlib\tests\blackbox\test_missing.py,0,0,0,0,0,0,0,0,0,0,0,0,0,0,0,0,0,0
E:\Source code on python\Other\bzr-2.5.0\bzrlib\tests\blackbox\test_log.py,0,0,0,0,0,0,0,0,0,0,0,0,0,0,0,0,0,0
E:\Source code on python\Other\bzr-2.5.0\bzrlib\tests\blackbox\test_non_ascii.py,0,0,0,0,0,0,0,0,0,0,0,0,0,0,0,0,0,0
E:\Source code on python\Other\bzr-2.5.0\bzrlib\tests\blackbox\test_filesystem_cicp.py,0,0,0,0,0,0,0,0,0,0,0,0,0,0,0,0,0,0
E:\Source code on python\Other\bzr-2.5.0\contrib\create_bzr_rollup.py,0,0,0,0,0,0,0,0,0,0,0,0,0,0,0,0,0,0
E:\Source code on python\Other\bzr-2.5.0\doc\developers\conf.py,0,0,0,0,0,0,0,0,0,0,0,0,0,0,0,0,0,0
E:\Source code on python\Other\bzr-2.5.0\bzrlib\views.py,0,0,0,0,0,0,0,0,0,0,0,0,1,0,0,0,0,0
E:\Source code on python\Other\bzr-2.5.0\bzrlib\version_info_formats\__init__.py,0,0,0,0,0,0,0,0,0,0,0,0,0,0,0,0,0,0
E:\Source code on python\Other\bzr-2.5.0\bzrlib\xml5.py,0,0,0,0,0,0,0,0,0,0,0,0,0,0,0,0,0,0
E:\Source code on python\Other\bzr-2.5.0\bzrlib\xml7.py,0,0,0,0,0,0,0,0,0,0,0,0,0,0,0,0,0,0
E:\Source code on python\Other\bzr-2.5.0\bzrlib\util\tests\__init__.py,0,0,0,0,0,0,0,0,0,0,0,0,0,0,0,0,0,0
E:\Source code on python\Other\bzr-2.5.0\tools\win32\__init__.py,0,0,0,0,0,0,0,0,0,0,0,0,0,0,0,0,0,0
E:\Source code on python\Other\bzr-2.5.0\bzrlib\util\simplemapi.py,0,0,0,0,0,0,0,0,0,0,0,0,0,0,0,0,0,0
E:\Source code on python\Other\bzr-2.5.0\bzrlib\util\__init__.py,0,0,0,0,0,0,0,0,0,0,0,0,0,0,0,0,0,0
E:\Source code on python\Other\bzr-2.5.0\bzrlib\tests\blackbox\test_find_merge_base.py,0,0,0,0,0,0,0,0,0,0,0,0,0,0,0,0,0,0
E:\Source code on python\Other\bzr-2.5.0\bzrlib\tests\test__bencode.py,0,0,0,0,0,0,0,0,0,0,0,0,0,0,0,0,0,0
E:\Source code on python\Other\bzr-2.5.0\bzrlib\tests\blackbox\test_exceptions.py,0,0,0,0,0,0,0,0,0,0,0,0,0,0,0,0,0,0
E:\Source code on python\Other\bzr-2.5.0\bzrlib\tests\blackbox\test_remerge.py,0,0,0,0,0,0,0,0,0,0,0,0,0,0,0,0,0,0
E:\Source code on python\Other\bzr-2.5.0\bzrlib\tests\commands\test_branch.py,0,0,0,0,0,0,0,0,0,0,0,0,0,0,0,0,0,0
E:\Source code on python\Other\bzr-2.5.0\bzrlib\tests\per_workingtree\test_pull.py,0,0,0,0,0,0,0,0,0,0,0,0,0,0,0,0,0,0
E:\Source code on python\Other\bzr-2.5.0\bzrlib\tests\per_branch\test_break_lock.py,0,0,0,0,0,0,0,0,0,0,0,0,0,0,0,0,0,0
E:\Source code on python\Other\bzr-2.5.0\bzrlib\tests\test_url_policy_open.py,0,0,0,0,0,0,0,0,0,0,0,0,0,0,0,0,0,0
E:\Source code on python\Other\bzr-2.5.0\bzrlib\tests\test_symbol_versioning.py,0,0,0,0,0,0,0,0,0,0,0,0,1,0,0,0,0,0
E:\Source code on python\Other\bzr-2.5.0\bzrlib\tests\test_missing.py,0,0,0,0,0,0,0,0,0,0,0,0,0,0,0,0,0,0
E:\Source code on python\Other\bzr-2.5.0\bzrlib\tests\test_http_response.py,0,0,0,0,0,0,0,0,0,0,0,0,0,0,0,0,0,0
E:\Source code on python\Other\bzr-2.5.0\bzrlib\tests\test_matchers.py,0,0,0,0,0,0,0,0,0,0,0,0,0,0,0,0,0,0
E:\Source code on python\Other\bzr-2.5.0\bzrlib\tests\test_merge.py,0,0,0,0,0,0,0,0,0,0,0,0,0,0,0,0,0,0
E:\Source code on python\Other\bzr-2.5.0\bzrlib\tests\blackbox\test_clean_tree.py,0,0,0,0,0,0,0,0,0,0,0,0,0,0,0,0,0,0
E:\Source code on python\Other\bzr-2.5.0\bzrlib\tests\blackbox\test_checkout.py,0,0,0,0,0,0,0,0,0,0,0,0,0,0,0,0,0,0
E:\Source code on python\Other\bzr-2.5.0\bzrlib\tests\blackbox\test_cat_revision.py,0,0,0,0,0,0,0,0,0,0,0,0,0,0,0,0,0,0
E:\Source code on python\Other\bzr-2.5.0\bzrlib\tests\blackbox\test_revno.py,0,0,0,0,0,0,0,0,0,0,0,0,0,0,0,0,0,0
E:\Source code on python\Other\bzr-2.5.0\bzrlib\tests\blackbox\test_revision_history.py,0,0,0,0,0,0,0,0,0,0,0,0,0,0,0,0,0,0
E:\Source code on python\Other\bzr-2.5.0\bzrlib\tests\blackbox\test_resolve.py,0,0,0,0,0,0,0,0,0,0,0,0,0,0,0,0,0,0
E:\Source code on python\Other\bzr-2.5.0\bzrlib\tests\blackbox\test_re_sign.py,0,0,0,0,0,0,0,0,0,0,0,0,0,0,0,0,0,0
E:\Source code on python\Other\bzr-2.5.0\bzrlib\tests\blackbox\test_sign_my_commits.py,0,0,0,0,0,0,0,0,0,0,0,0,0,0,0,0,0,0
E:\Source code on python\Other\bzr-2.5.0\bzrlib\tests\blackbox\test_remember_option.py,0,0,0,0,0,0,0,0,0,0,0,0,0,0,0,0,0,0
E:\Source code on python\Other\bzr-2.5.0\bzrlib\tests\blackbox\test_revision_info.py,0,0,0,0,0,0,0,0,0,0,0,0,0,0,0,0,0,0
E:\Source code on python\Other\bzr-2.5.0\bzrlib\tests\blackbox\test_reference.py,0,0,0,0,0,0,0,0,0,0,0,0,0,0,0,0,0,0
E:\Source code on python\Other\bzr-2.5.0\bzrlib\tests\test_cethread.py,0,0,0,0,0,0,0,0,0,0,0,0,0,0,0,0,0,0
E:\Source code on python\Other\bzr-2.5.0\bzrlib\tests\test_revision.py,0,0,0,0,0,0,0,0,0,0,0,0,0,0,0,0,0,0
E:\Source code on python\Other\bzr-2.5.0\bzrlib\tests\test_setup.py,0,0,0,0,0,0,0,0,0,0,0,0,0,0,0,0,0,0
E:\Source code on python\Other\bzr-2.5.0\bzrlib\tests\file_utils.py,0,0,0,0,0,0,0,0,0,0,0,0,0,0,0,0,0,0
E:\Source code on python\Other\bzr-2.5.0\bzrlib\tests\fake_command.py,0,0,0,0,0,0,0,0,0,0,0,0,0,0,0,0,0,0
E:\Source code on python\Other\bzr-2.5.0\bzrlib\tests\test_http.py,0,0,0,0,0,0,0,0,0,0,0,0,0,0,0,0,0,0
E:\Source code on python\Other\bzr-2.5.0\bzrlib\transport\fakevfat.py,0,0,0,0,0,0,0,0,0,0,0,0,0,0,0,0,0,0
E:\Source code on python\Other\bzr-2.5.0\tools\fixed-in.py,0,0,0,0,0,0,0,0,0,0,0,0,0,0,0,0,0,0
E:\Source code on python\Other\bzr-2.5.0\tools\package_mf.py,0,0,0,0,0,0,0,0,0,0,0,0,0,0,0,0,0,0
E:\Source code on python\Other\bzr-2.5.0\tools\generate_release_notes.py,0,0,0,0,0,0,0,0,0,0,0,0,0,0,0,0,0,0
E:\Source code on python\Other\bzr-2.5.0\tools\check-newsbugs.py,0,0,0,0,0,0,0,0,0,0,0,0,0,0,0,0,0,0
E:\Source code on python\Other\bzr-2.5.0\tools\time_graph.py,0,0,0,0,0,0,0,0,0,0,0,0,0,0,0,0,0,0
E:\Source code on python\Other\bzr-2.5.0\bzrlib\tests\per_tree\test_walkdirs.py,0,0,0,0,0,0,0,0,0,0,0,0,0,0,0,0,0,0
E:\Source code on python\Other\bzr-2.5.0\bzrlib\tests\per_workingtree\test_executable.py,0,0,0,0,0,0,0,0,0,0,0,0,0,0,0,0,0,0
E:\Source code on python\Other\bzr-2.5.0\bzrlib\tests\per_tree\test_revision_tree.py,0,0,0,0,0,0,0,0,0,0,0,0,0,0,0,0,0,0
E:\Source code on python\Other\bzr-2.5.0\bzrlib\tests\per_tree\test_list_files.py,0,0,0,0,0,0,0,0,0,0,0,0,0,0,0,0,0,0
E:\Source code on python\Other\bzr-2.5.0\bzrlib\tests\per_workingtree\test_basis_tree.py,0,0,0,0,0,0,0,0,0,0,0,0,0,0,0,0,0,0
E:\Source code on python\Other\bzr-2.5.0\bzrlib\tests\per_tree\test_is_executable.py,0,0,0,0,0,0,0,0,0,0,0,0,0,0,0,0,0,0
E:\Source code on python\Other\bzr-2.5.0\bzrlib\tests\per_tree\test_get_root_id.py,0,0,0,0,0,0,0,0,0,0,0,0,0,0,0,0,0,0
E:\Source code on python\Other\bzr-2.5.0\bzrlib\tests\per_tree\test_iter_search_rules.py,0,0,0,0,0,0,0,0,0,0,0,0,0,0,0,0,0,0
E:\Source code on python\Other\bzr-2.5.0\tools\rst2pdf.py,0,0,0,0,0,0,0,0,0,0,0,0,0,0,0,0,0,0
E:\Source code on python\Other\bzr-2.5.0\tools\rst2html.py,0,0,0,0,0,0,0,0,0,0,0,0,0,0,0,0,0,0
E:\Source code on python\Other\bzr-2.5.0\bzrlib\tests\per_interbranch\test_fetch.py,0,0,0,0,0,0,0,0,0,0,0,0,0,0,0,0,0,0
E:\Source code on python\Other\bzr-2.5.0\bzrlib\tests\per_interbranch\test_copy_content_into.py,0,0,0,0,0,0,0,0,0,0,0,0,2,0,0,0,0,0
E:\Source code on python\Other\bzr-2.5.0\bzrlib\tests\per_controldir_colo\test_supported.py,0,0,0,0,0,0,0,0,0,0,0,0,0,0,0,0,0,0
E:\Source code on python\Other\bzr-2.5.0\bzrlib\tests\per_controldir\__init__.py,0,0,0,0,0,0,0,0,0,0,0,0,0,0,0,0,0,0
E:\Source code on python\Other\bzr-2.5.0\bzrlib\tests\per_branch\test_stacking.py,0,0,0,0,0,0,0,0,0,0,0,0,0,0,0,0,0,0
E:\Source code on python\Other\bzr-2.5.0\bzrlib\tests\test_dirstate.py,0,0,0,0,0,0,0,0,0,0,0,0,5,0,0,0,0,0
E:\Source code on python\Other\bzr-2.5.0\bzrlib\tests\per_workingtree\test_annotate_iter.py,0,0,0,0,0,0,0,0,0,0,0,0,0,0,0,0,0,0
E:\Source code on python\Other\bzr-2.5.0\bzrlib\tests\per_tree\test_get_file_mtime.py,0,0,0,0,0,0,0,0,0,0,0,0,0,0,0,0,0,0
E:\Source code on python\Other\bzr-2.5.0\bzrlib\tests\per_repository_vf\test_check.py,0,0,0,0,0,0,0,0,0,0,0,0,0,0,0,0,0,0
E:\Source code on python\Other\bzr-2.5.0\bzrlib\tests\per_repository_reference\test__make_parents_provider.py,0,0,0,0,0,0,0,0,0,0,0,0,0,0,0,0,0,0
E:\Source code on python\Other\bzr-2.5.0\bzrlib\tests\per_repository\test_break_lock.py,0,0,0,0,0,0,0,0,0,0,0,0,0,0,0,0,0,0
E:\Source code on python\Other\bzr-2.5.0\bzrlib\tests\per_repository\test_iter_reverse_revision_history.py,0,0,0,0,0,0,0,0,0,0,0,0,0,0,0,0,0,0
E:\Source code on python\Other\bzr-2.5.0\bzrlib\tests\per_intertree\test_file_content_matches.py,0,0,0,0,0,0,0,0,0,0,0,0,0,0,0,0,0,0
E:\Source code on python\Other\bzr-2.5.0\bzrlib\tests\per_repository\test_add_fallback_repository.py,0,0,0,0,0,0,0,0,0,0,0,0,0,0,0,0,0,0
E:\Source code on python\Other\bzr-2.5.0\bzrlib\tests\per_inventory\basics.py,0,0,0,0,0,0,0,0,0,0,0,0,0,0,0,0,0,0
E:\Source code on python\Other\bzr-2.5.0\bzrlib\tests\per_repository\test_check.py,0,0,0,0,0,0,0,0,0,0,0,0,0,0,0,0,0,0
E:\Source code on python\Other\bzr-2.5.0\bzrlib\tests\per_lock\test_temporary_write_lock.py,0,0,0,0,0,0,0,0,0,0,0,0,0,0,0,0,0,0
E:\Source code on python\Other\bzr-2.5.0\bzrlib\tests\per_inventory\__init__.py,0,0,0,0,0,0,0,0,0,0,0,0,0,0,0,0,0,0
E:\Source code on python\Other\bzr-2.5.0\bzrlib\tests\per_lock\test_lock.py,0,0,0,0,0,0,0,0,0,0,0,0,0,0,0,0,0,0
E:\Source code on python\Other\bzr-2.5.0\bzrlib\tests\per_foreign_vcs\test_repository.py,0,0,0,0,0,0,0,0,0,0,0,0,0,0,0,0,0,0
E:\Source code on python\Other\bzr-2.5.0\bzrlib\transport\decorator.py,0,0,0,0,0,0,0,0,0,0,0,0,0,0,0,0,0,0
E:\Source code on python\Other\bzr-2.5.0\bzrlib\tests\test_trace.py,0,0,0,0,0,0,0,0,0,0,0,0,0,0,0,0,0,0
E:\Source code on python\Other\bzr-2.5.0\bzrlib\tests\test_tuned_gzip.py,0,0,0,0,0,0,0,0,0,0,0,0,0,0,0,0,0,0
E:\Source code on python\Other\bzr-2.5.0\bzrlib\tests\per_workingtree\test_get_parent_ids.py,0,0,0,0,0,0,0,0,0,0,0,0,0,0,0,0,0,0
E:\Source code on python\Other\bzr-2.5.0\bzrlib\tests\test_whitebox.py,0,0,0,0,0,0,0,0,0,0,0,0,0,0,0,0,0,0
E:\Source code on python\Other\bzr-2.5.0\bzrlib\tests\test_tree.py,0,0,0,0,0,0,0,0,0,0,0,0,0,0,0,0,0,0
E:\Source code on python\Other\bzr-2.5.0\bzrlib\tests\per_workingtree\test_walkdirs.py,0,0,0,0,0,0,0,0,0,0,0,0,0,0,0,0,0,0
E:\Source code on python\Other\bzr-2.5.0\bzrlib\tests\per_workingtree\test_uncommit.py,0,0,0,0,0,0,0,0,0,0,0,0,0,0,0,0,0,0
E:\Source code on python\Other\bzr-2.5.0\bzrlib\tests\per_workingtree\test_symlinks.py,0,0,0,0,0,0,0,0,0,0,0,0,0,0,0,0,0,0
E:\Source code on python\Other\bzr-2.5.0\bzrlib\tests\test__btree_serializer.py,0,0,0,0,0,0,0,0,0,0,0,0,0,0,0,0,0,0
E:\Source code on python\Other\bzr-2.5.0\bzrlib\tests\per_tree\test_annotate_iter.py,0,0,0,0,0,0,0,0,0,0,0,0,0,0,0,0,0,0
E:\Source code on python\Other\bzr-2.5.0\bzrlib\tests\test_delta.py,0,0,0,0,0,0,0,0,0,0,0,0,0,0,0,0,0,0
E:\Source code on python\Other\bzr-2.5.0\bzrlib\tests\per_repository\test_write_group.py,0,0,0,0,0,0,0,0,0,0,0,0,0,0,0,0,0,0
E:\Source code on python\Other\bzr-2.5.0\bzrlib\tests\per_repository\test_pack.py,0,0,0,0,0,0,0,0,0,0,0,0,0,0,0,0,0,0
E:\Source code on python\Other\bzr-2.5.0\bzrlib\tests\per_repository\test_reconcile.py,0,0,0,0,0,0,0,0,0,0,0,0,0,0,0,0,0,0
E:\Source code on python\Other\bzr-2.5.0\bzrlib\tests\per_repository\test_locking.py,0,0,0,0,0,0,0,0,0,0,0,0,0,0,0,0,0,0
E:\Source code on python\Other\bzr-2.5.0\bzrlib\tests\per_repository\test_revision.py,0,0,0,0,0,0,0,0,0,0,0,0,0,0,0,0,0,0
E:\Source code on python\Other\bzr-2.5.0\bzrlib\tests\per_repository\test_refresh_data.py,0,0,0,0,0,0,0,0,0,0,0,0,0,0,0,0,0,0
E:\Source code on python\Other\bzr-2.5.0\bzrlib\tests\per_repository\test_commit_builder.py,0,0,0,0,0,0,0,0,0,0,0,0,1,0,0,0,0,0
E:\Source code on python\Other\bzr-2.5.0\bzrlib\tests\per_repository\test_file_graph.py,0,0,0,0,0,0,0,0,0,0,0,0,0,0,0,0,0,0
E:\Source code on python\Other\bzr-2.5.0\bzrlib\tests\per_repository\test_has_revisions.py,0,0,0,0,0,0,0,0,0,0,0,0,0,0,0,0,0,0
E:\Source code on python\Other\bzr-2.5.0\bzrlib\tests\test_treeshape.py,0,0,0,0,0,0,0,0,0,0,0,0,0,0,0,0,0,0
E:\Source code on python\Other\bzr-2.5.0\bzrlib\inspect_for_copy.py,1,0,0,1,1,0,0,0,0,0,0,0,1,0,0,0,1,0
E:\Source code on python\Other\bzr-2.5.0\bzrlib\recordcounter.py,0,0,0,0,0,0,0,0,0,0,0,0,0,0,0,0,0,0
E:\Source code on python\Other\bzr-2.5.0\bzrlib\tests\test_diff.py,0,0,0,0,0,0,0,0,0,0,0,0,0,0,0,0,0,0
E:\Source code on python\Other\bzr-2.5.0\bzrlib\tests\test_export_pot.py,0,0,0,0,0,0,0,0,0,0,0,0,0,0,0,0,0,0
E:\Source code on python\Other\bzr-2.5.0\bzrlib\tests\test_filter_tree.py,0,0,0,0,0,0,0,0,0,0,0,0,0,0,0,0,0,0
E:\Source code on python\Other\bzr-2.5.0\bzrlib\tests\test__groupcompress.py,0,0,0,0,0,0,0,0,0,0,0,0,0,0,0,0,0,0
E:\Source code on python\Other\bzr-2.5.0\bzrlib\repofmt\__init__.py,0,0,0,0,0,0,0,0,0,0,0,0,0,0,0,0,0,0
E:\Source code on python\Other\bzr-2.5.0\bzrlib\pack.py,0,0,0,0,0,0,0,0,0,0,0,0,1,0,0,0,0,0
E:\Source code on python\Other\bzr-2.5.0\doc\es\conf.py,0,0,0,0,0,0,0,0,0,0,0,0,0,0,0,0,0,0
E:\Source code on python\Other\bzr-2.5.0\bzrlib\tests\doc_generate\writers\test_texinfo.py,0,0,0,0,0,0,0,0,0,0,0,0,0,0,0,0,0,0
E:\Source code on python\Other\bzr-2.5.0\bzrlib\plugins\launchpad\lp_api_lite.py,0,0,0,0,0,0,0,0,0,0,0,0,0,0,0,0,0,0
E:\Source code on python\Other\bzr-2.5.0\bzrlib\plugins\launchpad\account.py,0,0,0,0,0,0,0,0,0,0,0,0,0,0,0,0,0,0
E:\Source code on python\Other\bzr-2.5.0\bzrlib\plugins\news_merge\tests\__init__.py,0,0,0,0,0,0,0,0,0,0,0,0,0,0,0,0,0,0
E:\Source code on python\Other\bzr-2.5.0\bzrlib\plugins\news_merge\news_merge.py,0,0,0,0,0,0,0,0,0,0,0,0,0,0,0,0,0,0
E:\Source code on python\Other\bzr-2.5.0\bzrlib\plugins\news_merge\__init__.py,0,0,0,0,0,0,0,0,0,0,0,0,0,0,0,0,0,0
E:\Source code on python\Other\bzr-2.5.0\bzrlib\push.py,0,0,0,0,0,0,0,0,0,0,0,0,0,0,0,0,0,0
E:\Source code on python\Other\bzr-2.5.0\bzrlib\filters\eol.py,0,0,0,0,0,0,0,0,0,0,0,0,0,0,0,0,0,0
E:\Source code on python\Other\bzr-2.5.0\bzrlib\doc\__init__.py,0,0,0,0,0,0,0,0,0,0,0,0,0,0,0,0,0,0
E:\Source code on python\Other\bzr-2.5.0\bzrlib\plugins\weave_fmt\test_workingtree.py,0,0,0,0,0,0,0,0,0,0,0,0,0,0,0,0,0,0
E:\Source code on python\Other\bzr-2.5.0\bzrlib\plugins\launchpad\test_lp_api.py,0,0,0,0,0,0,0,0,0,0,0,0,0,0,0,0,0,0
E:\Source code on python\Other\bzr-2.5.0\bzrlib\plugins\launchpad\test_lp_directory.py,0,0,0,0,0,0,0,0,0,0,0,0,0,0,0,0,0,0
E:\Source code on python\Other\bzr-2.5.0\bzrlib\plugins\launchpad\test_lp_service.py,0,0,0,0,0,0,0,0,0,0,0,0,0,0,0,0,0,0
E:\Source code on python\Other\bzr-2.5.0\bzrlib\plugins\launchpad\test_lp_api_lite.py,0,0,0,0,0,0,0,0,0,0,0,0,0,0,0,0,0,0
E:\Source code on python\Other\bzr-2.5.0\bzrlib\plugins\launchpad\test_lp_login.py,0,0,0,0,0,0,0,0,0,0,0,0,0,0,0,0,0,0
E:\Source code on python\Other\bzr-2.5.0\bzrlib\tests\test_debug.py,0,0,0,0,0,0,0,0,0,0,0,0,0,0,0,0,0,0
E:\Source code on python\Other\bzr-2.5.0\bzrlib\tests\per_workingtree\test_paths2ids.py,0,0,0,0,0,0,0,0,0,0,0,0,0,0,0,0,0,0
E:\Source code on python\Other\bzr-2.5.0\bzrlib\tests\per_controldir\test_push.py,0,0,0,0,0,0,0,0,0,0,0,0,0,0,0,0,0,0
E:\Source code on python\Other\bzr-2.5.0\bzrlib\tests\test_reconcile.py,0,0,0,0,0,0,0,0,0,0,0,0,0,0,0,0,0,0
E:\Source code on python\Other\bzr-2.5.0\bzrlib\tests\test_rules.py,0,0,0,0,0,0,0,0,0,0,0,0,0,0,0,0,0,0
E:\Source code on python\Other\bzr-2.5.0\bzrlib\tests\test_pack.py,0,0,0,0,0,0,0,0,0,0,0,0,0,0,0,0,0,0
E:\Source code on python\Other\bzr-2.5.0\bzrlib\serializer.py,0,0,0,0,0,0,0,0,0,0,0,0,0,0,0,0,0,0
E:\Source code on python\Other\bzr-2.5.0\bzrlib\tests\commands\test_revert.py,0,0,0,0,0,0,0,0,0,0,0,0,0,0,0,0,0,0
E:\Source code on python\Other\bzr-2.5.0\bzrlib\store\versioned\__init__.py,0,0,0,0,0,0,0,0,0,0,0,0,0,0,0,0,0,0
E:\Source code on python\Other\bzr-2.5.0\bzrlib\tests\blackbox\test_aliases.py,0,0,0,0,0,0,0,0,0,0,0,0,0,0,0,0,0,0
E:\Source code on python\Other\bzr-2.5.0\bzrlib\tests\blackbox\test_mkdir.py,0,0,0,0,0,0,0,0,0,0,0,0,0,0,0,0,0,0
E:\Source code on python\Other\bzr-2.5.0\doc\ja\conf.py,0,0,0,0,0,0,0,0,0,0,0,0,0,0,0,0,0,0
E:\Source code on python\Other\bzr-2.5.0\bzrlib\transport\http\ca_bundle.py,0,0,0,0,0,0,0,0,0,0,0,0,0,0,0,0,0,0
E:\Source code on python\Other\bzr-2.5.0\bzrlib\tuned_gzip.py,0,0,0,0,0,0,0,0,0,0,0,0,0,0,0,0,0,0
E:\Source code on python\Other\bzr-2.5.0\tools\win32\file_version.py,0,0,0,0,0,0,0,0,0,0,0,0,0,0,0,0,0,0
E:\Source code on python\Other\bzr-2.5.0\bzrlib\tests\test_ui.py,0,0,0,0,0,0,0,0,0,0,0,0,0,0,0,0,0,0
E:\Source code on python\Other\bzr-2.5.0\bzrlib\tests\transport_util.py,0,0,0,0,0,0,0,0,0,0,0,0,0,0,0,0,0,0
E:\Source code on python\Other\bzr-2.5.0\bzrlib\tests\test_uncommit.py,0,0,0,0,0,0,0,0,0,0,0,0,0,0,0,0,0,0
E:\Source code on python\Other\bzr-2.5.0\bzrlib\tests\test_textfile.py,0,0,0,0,0,0,0,0,0,0,0,0,0,0,0,0,0,0
E:\Source code on python\Other\bzr-2.5.0\bzrlib\tests\test_multiparent.py,0,0,0,0,0,0,0,0,0,0,0,0,0,0,0,0,0,0
E:\Source code on python\Other\bzr-2.5.0\bzrlib\tests\test_permissions.py,0,0,0,0,0,0,0,0,0,0,0,0,2,0,0,0,0,0
E:\Source code on python\Other\bzr-2.5.0\bzrlib\tests\test_osutils_encodings.py,0,0,0,0,0,0,0,0,0,0,0,0,0,0,0,0,0,0
E:\Source code on python\Other\bzr-2.5.0\bzrlib\tests\test_memorytree.py,0,0,0,0,0,0,0,0,0,0,0,0,0,0,0,0,0,0
E:\Source code on python\Other\bzr-2.5.0\bzrlib\tests\test_lockdir.py,0,0,0,0,0,0,0,0,0,0,0,0,2,0,0,0,0,0
E:\Source code on python\Other\bzr-2.5.0\bzrlib\transport\http\response.py,0,0,0,0,0,0,0,0,0,0,0,0,0,0,0,0,0,0
E:\Source code on python\Other\bzr-2.5.0\bzrlib\tests\test_i18n.py,0,0,0,0,0,0,0,0,0,0,0,0,0,0,0,0,0,0
E:\Source code on python\Other\bzr-2.5.0\bzrlib\tests\test_import_tariff.py,0,0,0,0,0,0,0,0,0,0,0,0,0,0,0,0,0,0
E:\Source code on python\Other\bzr-2.5.0\bzrlib\tests\test_https_ca_bundle.py,0,0,0,0,0,0,0,0,0,0,0,0,0,0,0,0,0,0
E:\Source code on python\Other\bzr-2.5.0\bzrlib\tests\test_globbing.py,0,0,0,0,0,0,0,0,0,0,0,0,0,0,0,0,0,0
E:\Source code on python\Other\bzr-2.5.0\bzrlib\tests\test_https_urllib.py,0,0,0,0,0,0,0,0,0,0,0,0,0,0,0,0,0,0
E:\Source code on python\Other\bzr-2.5.0\bzrlib\tests\test_generate_docs.py,0,0,0,0,0,0,0,0,0,0,0,0,0,0,0,0,0,0
E:\Source code on python\Other\bzr-2.5.0\bzrlib\tests\test_help.py,0,0,0,0,0,0,0,0,0,0,0,0,1,0,0,0,0,0
E:\Source code on python\Other\bzr-2.5.0\bzrlib\tests\test_info.py,0,0,0,0,0,0,0,0,0,0,0,0,0,0,0,0,0,0
E:\Source code on python\Other\bzr-2.5.0\bzrlib\tests\test_nonascii.py,0,0,0,0,0,0,0,0,0,0,0,0,0,0,0,0,0,0
E:\Source code on python\Other\bzr-2.5.0\bzrlib\tests\test_merge3.py,0,0,0,0,0,0,0,0,0,0,0,0,0,0,0,0,0,0
E:\Source code on python\Other\bzr-2.5.0\bzrlib\transport\chroot.py,0,0,0,0,0,0,0,0,0,0,0,0,0,0,0,0,0,0
E:\Source code on python\Other\bzr-2.5.0\bzrlib\version_info_formats\format_rio.py,0,0,0,0,0,0,0,0,0,0,0,0,0,0,0,0,0,0
E:\Source code on python\Other\bzr-2.5.0\bzrlib\tests\per_tree\test_get_symlink_target.py,0,0,0,0,0,0,0,0,0,0,0,0,0,0,0,0,0,0
E:\Source code on python\Other\bzr-2.5.0\bzrlib\transport\brokenrename.py,0,0,0,0,0,0,0,0,0,0,0,0,0,0,0,0,0,0
E:\Source code on python\Other\bzr-2.5.0\bzrlib\tests\per_repository_reference\test_check.py,0,0,0,0,0,0,0,0,0,0,0,0,0,0,0,0,0,0
E:\Source code on python\Other\bzr-2.5.0\bzrlib\tests\per_repository_reference\test_get_rev_id_for_revno.py,0,0,0,0,0,0,0,0,0,0,0,0,0,0,0,0,0,0
E:\Source code on python\Other\bzr-2.5.0\bzrlib\tests\per_repository_vf\test_fetch.py,0,0,0,0,0,0,0,0,0,0,0,0,0,0,0,0,0,0
E:\Source code on python\Other\bzr-2.5.0\tools\win32\build_release.py,0,0,0,0,0,0,0,0,0,0,0,0,0,0,0,0,0,0
E:\Source code on python\Other\bzr-2.5.0\bzrlib\tests\per_workingtree\test_rename_one.py,0,0,0,0,0,0,0,0,0,0,0,0,0,0,0,0,0,0
E:\Source code on python\Other\bzr-2.5.0\bzrlib\tests\per_workingtree\test_set_root_id.py,0,0,0,0,0,0,0,0,0,0,0,0,0,0,0,0,0,0
E:\Source code on python\Other\bzr-2.5.0\doc\ru\conf.py,0,0,0,0,0,0,0,0,0,0,0,0,0,0,0,0,0,0
E:\Source code on python\Other\bzr-2.5.0\bzrlib\tests\test_chunk_writer.py,0,0,0,0,0,0,0,0,0,0,0,0,0,0,0,0,0,0
E:\Source code on python\Other\bzr-2.5.0\bzrlib\tests\test_chk_serializer.py,0,0,0,0,0,0,0,0,0,0,0,0,0,0,0,0,0,0
E:\Source code on python\Other\bzr-2.5.0\bzrlib\tests\test_hashcache.py,0,0,0,0,0,0,0,0,0,0,0,0,0,0,0,0,0,0
E:\Source code on python\Other\bzr-2.5.0\bzrlib\tests\test_features.py,0,0,0,0,0,0,0,0,0,0,0,0,0,0,0,0,0,0
E:\Source code on python\Other\bzr-2.5.0\bzrlib\tests\blackbox\test_shared_repository.py,0,0,0,0,0,0,0,0,0,0,0,0,0,0,0,0,0,0
E:\Source code on python\Other\bzr-2.5.0\bzrlib\tests\doc_generate\writers\__init__.py,0,0,0,0,0,0,0,0,0,0,0,0,0,0,0,0,0,0
E:\Source code on python\Other\bzr-2.5.0\bzrlib\tests\commands\test_commit.py,0,0,0,0,0,0,0,0,0,0,0,0,0,0,0,0,0,0
E:\Source code on python\Other\bzr-2.5.0\bzrlib\tests\test_upgrade.py,0,0,0,0,0,0,0,0,0,0,0,0,0,0,0,0,0,0
E:\Source code on python\Other\bzr-2.5.0\bzrlib\tests\blackbox\test_remove_tree.py,0,0,0,0,0,0,0,0,0,0,0,0,0,0,0,0,0,0
E:\Source code on python\Other\bzr-2.5.0\bzrlib\transport\readonly.py,0,0,0,0,0,0,0,0,0,0,0,0,0,0,0,0,0,0
E:\Source code on python\Other\bzr-2.5.0\tools\win32\bzr-win32-bdist-postinstall.py,0,0,0,0,0,0,0,0,0,0,0,0,0,0,0,0,0,0
E:\Source code on python\Other\bzr-2.5.0\tools\win32\ostools.py,0,0,0,0,0,0,0,0,0,0,0,0,0,0,0,0,0,0
E:\Source code on python\Other\bzr-2.5.0\bzrlib\plugins\launchpad\lp_api.py,0,0,0,0,0,0,0,0,0,0,0,0,0,0,0,0,0,0
E:\Source code on python\Other\bzr-2.5.0\bzrlib\tests\blackbox\test_revert.py,0,0,0,0,0,0,0,0,0,0,0,0,0,0,0,0,0,0
E:\Source code on python\Other\bzr-2.5.0\bzrlib\tests\blackbox\test_info.py,0,0,0,0,0,0,0,0,0,0,0,0,0,0,0,0,0,0
E:\Source code on python\Other\bzr-2.5.0\bzrlib\tests\blackbox\test_reconcile.py,0,0,0,0,0,0,0,0,0,0,0,0,0,0,0,0,0,0
E:\Source code on python\Other\bzr-2.5.0\bzrlib\plugins\changelog_merge\tests\__init__.py,0,0,0,0,0,0,0,0,0,0,0,0,0,0,0,0,0,0
E:\Source code on python\Other\bzr-2.5.0\bzrlib\plugins\__init__.py,0,0,0,0,0,0,0,0,0,0,0,0,0,0,0,0,0,0
E:\Source code on python\Other\bzr-2.5.0\bzrlib\plugins\launchpad\test_account.py,0,0,0,0,0,0,0,0,0,0,0,0,0,0,0,0,0,0
E:\Source code on python\Other\bzr-2.5.0\bzrlib\tests\blackbox\test_inventory.py,0,0,0,0,0,0,0,0,0,0,0,0,0,0,0,0,0,0
E:\Source code on python\Other\bzr-2.5.0\bzrlib\tests\blackbox\test_join.py,0,0,0,0,0,0,0,0,0,0,0,0,0,0,0,0,0,0
E:\Source code on python\Other\bzr-2.5.0\bzrlib\patch.py,0,0,0,0,0,0,0,0,0,0,0,0,0,0,0,0,0,0
E:\Source code on python\Other\bzr-2.5.0\bzrlib\tests\blackbox\test_annotate.py,0,0,0,0,0,0,0,0,0,0,0,0,0,0,0,0,0,0
E:\Source code on python\Other\bzr-2.5.0\bzrlib\tests\blackbox\test_ancestry.py,0,0,0,0,0,0,0,0,0,0,0,0,0,0,0,0,0,0
E:\Source code on python\Other\bzr-2.5.0\bzrlib\tests\blackbox\test_alias.py,0,0,0,0,0,0,0,0,0,0,0,0,0,0,0,0,0,0
E:\Source code on python\Other\bzr-2.5.0\bzrlib\tests\blackbox\test_bundle_info.py,0,0,0,0,0,0,0,0,0,0,0,0,0,0,0,0,0,0
E:\Source code on python\Other\bzr-2.5.0\bzrlib\tests\test_clean_tree.py,0,0,0,0,0,0,0,0,0,0,0,0,0,0,0,0,0,0
E:\Source code on python\Other\bzr-2.5.0\bzrlib\tests\blackbox\test_add.py,0,0,0,0,0,0,0,0,0,0,0,0,0,0,0,0,0,0
E:\Source code on python\Other\bzr-2.5.0\bzrlib\tests\ssl_certs\create_ssls.py,0,0,0,0,0,0,0,0,0,0,0,0,0,0,0,0,0,0
E:\Source code on python\Other\bzr-2.5.0\bzrlib\tests\test_ancestry.py,0,0,0,0,0,0,0,0,0,0,0,0,0,0,0,0,0,0
E:\Source code on python\Other\bzr-2.5.0\bzrlib\plugins\netrc_credential_store\tests\test_netrc.py,0,0,0,0,0,0,0,0,0,0,0,0,0,0,0,0,0,0
E:\Source code on python\Other\bzr-2.5.0\bzrlib\plugins\po_merge\tests\__init__.py,0,0,0,0,0,0,0,0,0,0,0,0,0,0,0,0,0,0
E:\Source code on python\Other\bzr-2.5.0\bzrlib\tests\blackbox\test_split.py,0,0,0,0,0,0,0,0,0,0,0,0,0,0,0,0,0,0
E:\Source code on python\Other\bzr-2.5.0\bzrlib\tests\test_revisionspec.py,0,0,0,0,0,0,0,0,0,0,0,0,0,0,0,0,0,0
E:\Source code on python\Other\bzr-2.5.0\bzrlib\tests\test_rio.py,0,0,0,0,0,0,0,0,0,0,0,0,0,0,0,0,0,0
E:\Source code on python\Other\bzr-2.5.0\bzrlib\tests\test_revisiontree.py,0,0,0,0,0,0,0,0,0,0,0,0,0,0,0,0,0,0
E:\Source code on python\Other\bzr-2.5.0\bzrlib\tests\test_rename_map.py,0,0,0,0,0,0,0,0,0,0,0,0,0,0,0,0,0,0
E:\Source code on python\Other\bzr-2.5.0\bzrlib\tests\test_commands.py,0,0,0,0,0,0,0,0,0,0,0,0,4,0,0,0,0,0
E:\Source code on python\Other\bzr-2.5.0\bzrlib\tests\per_branch\test_config.py,0,0,0,0,0,0,0,0,0,0,0,0,0,0,0,0,0,0
E:\Source code on python\Other\bzr-2.5.0\bzrlib\tests\test_generate_ids.py,0,0,0,0,0,0,0,0,0,0,0,0,0,0,0,0,0,0
E:\Source code on python\Other\bzr-2.5.0\bzrlib\tests\blackbox\test_ignored.py,0,0,0,0,0,0,0,0,0,0,0,0,0,0,0,0,0,0
E:\Source code on python\Other\bzr-2.5.0\bzrlib\tests\blackbox\test_hooks.py,0,0,0,0,0,0,0,0,0,0,0,0,0,0,0,0,0,0
E:\Source code on python\Other\bzr-2.5.0\bzrlib\tests\blackbox\test_filtered_view_ops.py,0,0,0,0,0,0,0,0,0,0,0,0,0,0,0,0,0,0
E:\Source code on python\Other\bzr-2.5.0\bzrlib\doc_generate\writers\__init__.py,0,0,0,0,0,0,0,0,0,0,0,0,0,0,0,0,0,0
E:\Source code on python\Other\bzr-2.5.0\bzrlib\tests\blackbox\test_branches.py,0,0,0,0,0,0,0,0,0,0,0,0,0,0,0,0,0,0
E:\Source code on python\Other\bzr-2.5.0\bzrlib\tests\blackbox\test_added.py,0,0,0,0,0,0,0,0,0,0,0,0,0,0,0,0,0,0
E:\Source code on python\Other\bzr-2.5.0\bzrlib\tests\per_interbranch\test_get.py,0,0,0,0,0,0,0,0,0,0,0,0,0,0,0,0,0,0
E:\Source code on python\Other\bzr-2.5.0\bzrlib\tests\per_branch\test_create_checkout.py,0,0,0,0,0,0,0,0,0,0,0,0,0,0,0,0,0,0
E:\Source code on python\Other\bzr-2.5.0\bzrlib\tests\per_branch\test_get_revision_id_to_revno_map.py,0,0,0,0,0,0,0,0,0,0,0,0,0,0,0,0,0,0
E:\Source code on python\Other\bzr-2.5.0\bzrlib\tests\per_workingtree\__init__.py,0,0,0,0,0,0,0,0,0,0,0,0,0,0,0,0,0,0
E:\Source code on python\Other\bzr-2.5.0\bzrlib\tests\per_repository_reference\test_break_lock.py,0,0,0,0,0,0,0,0,0,0,0,0,0,0,0,0,0,0
E:\Source code on python\Other\bzr-2.5.0\bzrlib\doc_generate\builders\texinfo.py,0,0,0,0,0,0,0,0,0,0,0,0,0,0,0,0,0,0
E:\Source code on python\Other\bzr-2.5.0\bzrlib\crash.py,0,0,0,0,0,0,0,0,0,0,0,0,1,0,0,0,0,0
E:\Source code on python\Other\bzr-2.5.0\bzrlib\doc_generate\conf.py,0,0,0,0,0,0,0,0,0,0,0,0,0,0,0,0,0,0
E:\Source code on python\Other\bzr-2.5.0\bzrlib\inventory_delta.py,0,0,0,0,0,0,0,0,0,0,0,0,0,0,0,0,0,0
E:\Source code on python\Other\bzr-2.5.0\bzrlib\plugins\news_merge\tests\test_news_merge.py,0,0,0,0,0,0,0,0,0,0,0,0,0,0,0,0,0,0
E:\Source code on python\Other\bzr-2.5.0\bzrlib\cmd_test_script.py,0,0,0,0,0,0,0,0,0,0,0,0,0,0,0,0,0,0
E:\Source code on python\Other\bzr-2.5.0\bzrlib\clean_tree.py,0,0,0,0,0,0,0,0,0,0,0,0,0,0,0,0,0,0
E:\Source code on python\Other\bzr-2.5.0\bzrlib\chunk_writer.py,0,0,0,0,0,0,0,0,0,0,0,0,0,0,0,0,0,0
E:\Source code on python\Other\bzr-2.5.0\bzrlib\tests\per_workingtree\test_break_lock.py,0,0,0,0,0,0,0,0,0,0,0,0,0,0,0,0,0,0
E:\Source code on python\Other\bzr-2.5.0\bzrlib\rules.py,0,0,0,0,0,0,0,0,0,0,0,0,0,0,0,0,0,0
E:\Source code on python\Other\bzr-2.5.0\bzrlib\tests\blackbox\test_outside_wt.py,0,0,0,0,0,0,0,0,0,0,0,0,0,0,0,0,0,0
E:\Source code on python\Other\bzr-2.5.0\bzrlib\tests\blackbox\test_nick.py,0,0,0,0,0,0,0,0,0,0,0,0,0,0,0,0,0,0
E:\Source code on python\Other\bzr-2.5.0\bzrlib\plugins\changelog_merge\tests\test_changelog_merge.py,0,0,0,0,0,0,0,0,0,0,0,0,0,0,0,0,0,0
E:\Source code on python\Other\bzr-2.5.0\bzrlib\plugins\news_merge\parser.py,0,0,0,0,0,0,0,0,0,0,0,0,0,0,0,0,0,0
E:\Source code on python\Other\bzr-2.5.0\tools\win32\bootstrap.py,0,0,0,0,0,0,0,0,0,0,0,0,0,0,0,0,0,0
E:\Source code on python\Other\bzr-2.5.0\bzrlib\transport\http\wsgi.py,0,0,0,0,0,0,0,0,0,0,0,0,0,0,0,0,0,0
E:\Source code on python\Other\bzr-2.5.0\bzrlib\transport\memory.py,0,0,0,0,0,0,0,0,0,0,0,0,4,0,0,0,0,0
E:\Source code on python\Other\bzr-2.5.0\bzrlib\transport\http\_urllib.py,0,0,0,0,0,0,0,0,0,0,0,0,0,0,0,0,0,0
E:\Source code on python\Other\bzr-2.5.0\bzrlib\smart\__init__.py,0,0,0,0,0,0,0,0,0,0,0,0,0,0,0,0,0,0
E:\Source code on python\Other\bzr-2.5.0\bzrlib\tests\test__dirstate_helpers.py,0,0,0,0,0,0,0,0,0,0,0,0,8,0,0,0,0,0
E:\Source code on python\Other\bzr-2.5.0\bzrlib\tests\blackbox\test_debug.py,0,0,0,0,0,0,0,0,0,0,0,0,0,0,0,0,0,0
E:\Source code on python\Other\bzr-2.5.0\bzrlib\tests\blackbox\test_command_encoding.py,0,0,0,0,0,0,0,0,0,0,0,0,0,0,0,0,0,0
E:\Source code on python\Other\bzr-2.5.0\bzrlib\tests\test__chk_map.py,0,0,0,0,0,0,0,0,0,0,0,0,0,0,0,0,0,0
E:\Source code on python\Other\bzr-2.5.0\bzrlib\tests\blackbox\test_config.py,0,0,0,0,0,0,0,0,0,0,0,0,0,0,0,0,0,0
E:\Source code on python\Other\bzr-2.5.0\bzrlib\switch.py,0,0,0,0,0,0,0,0,0,0,0,0,0,0,0,0,0,0
E:\Source code on python\Other\bzr-2.5.0\bzrlib\plugins\bash_completion\__init__.py,0,0,0,0,0,0,0,0,0,0,0,0,0,0,0,0,0,0
E:\Source code on python\Other\bzr-2.5.0\bzrlib\plugins\weave_fmt\test_repository.py,0,0,0,0,0,0,0,0,0,0,0,0,1,0,0,0,0,0
E:\Source code on python\Other\bzr-2.5.0\bzrlib\tests\EncodingAdapter.py,0,0,0,0,0,0,0,0,0,0,0,0,0,0,0,0,0,0
E:\Source code on python\Other\bzr-2.5.0\bzrlib\rename_map.py,0,0,0,0,0,0,0,0,0,0,0,0,0,0,0,0,0,0
E:\Source code on python\Other\bzr-2.5.0\bzrlib\reconfigure.py,0,0,0,0,0,0,0,0,0,0,0,0,0,0,0,0,0,0
E:\Source code on python\Other\bzr-2.5.0\bzrlib\tests\blackbox\test_cat.py,0,0,0,0,0,0,0,0,0,0,0,0,0,0,0,0,0,0
E:\Source code on python\Other\bzr-2.5.0\bzrlib\tests\test__walkdirs_win32.py,0,0,0,0,0,0,0,0,0,0,0,0,0,0,0,0,0,0
E:\Source code on python\Other\bzr-2.5.0\bzrlib\tests\test_smart.py,0,0,0,0,0,0,0,0,0,0,0,0,1,0,0,0,0,0
E:\Source code on python\Other\bzr-2.5.0\bzrlib\tests\test_win32utils.py,0,0,0,0,0,0,0,0,0,0,0,0,2,0,0,0,0,0
E:\Source code on python\Other\bzr-2.5.0\bzrlib\tests\per_foreign_vcs\__init__.py,0,0,0,0,0,0,0,0,0,0,0,0,0,0,0,0,0,0
E:\Source code on python\Other\bzr-2.5.0\bzrlib\tests\blackbox\__init__.py,0,0,0,0,0,0,0,0,0,0,0,0,0,0,0,0,0,0
E:\Source code on python\Other\bzr-2.5.0\bzrlib\tests\blackbox\test_lookup_revision.py,0,0,0,0,0,0,0,0,0,0,0,0,0,0,0,0,0,0
E:\Source code on python\Other\bzr-2.5.0\bzrlib\smart\bzrdir.py,0,0,0,0,0,0,0,0,0,0,0,0,0,0,0,0,0,0
E:\Source code on python\Other\bzr-2.5.0\bzrlib\tests\blackbox\test_ls.py,0,0,0,0,0,0,0,0,0,0,0,0,0,0,0,0,0,0
E:\Source code on python\Other\bzr-2.5.0\bzrlib\tests\per_repository\test_has_same_location.py,0,0,0,0,0,1,0,0,0,0,0,0,0,0,0,0,0,0
E:\Source code on python\Other\bzr-2.5.0\bzrlib\workingtree_3.py,0,0,0,0,0,2,0,0,0,0,0,0,0,0,0,0,0,0
E:\Source code on python\Other\bzr-2.5.0\bzrlib\lock.py,0,0,0,0,0,0,0,0,0,0,0,0,1,0,0,0,0,0
E:\Source code on python\Other\bzr-2.5.0\bzrlib\tests\per_branch\test_commit.py,0,0,0,0,0,0,0,0,0,0,0,0,0,0,0,0,0,0
E:\Source code on python\Other\bzr-2.5.0\bzrlib\tests\test_workingtree.py,0,0,0,0,0,2,0,0,0,0,0,0,0,0,0,0,0,0
E:\Source code on python\Other\bzr-2.5.0\bzrlib\_dirstate_helpers_py.py,0,0,0,0,0,4,0,0,0,0,0,0,0,0,0,0,0,0
E:\Source code on python\Other\bzr-2.5.0\bzrlib\tests\per_repository_reference\__init__.py,0,0,0,0,0,1,0,0,0,0,0,0,0,0,0,0,0,0
E:\Source code on python\Other\bzr-2.5.0\bzrlib\mail_client.py,0,0,0,0,0,2,0,0,0,0,0,0,0,0,0,0,0,0
E:\Source code on python\Other\bzr-2.5.0\bzrlib\check.py,0,0,0,0,0,2,0,0,0,0,0,0,0,0,0,0,0,0
E:\Source code on python\Other\bzr-2.5.0\bzrlib\tests\per_workingtree\test_read_working_inventory.py,0,0,0,0,0,2,0,0,0,0,0,0,0,0,0,0,0,0
E:\Source code on python\Other\bzr-2.5.0\bzrlib\identitymap.py,0,0,0,0,0,1,0,0,0,0,0,0,0,0,0,0,0,0
E:\Source code on python\Other\bzr-2.5.0\bzrlib\email_message.py,0,0,0,0,0,2,0,0,0,0,0,0,0,0,0,0,0,0
E:\Source code on python\Other\bzr-2.5.0\bzrlib\tests\per_tree\test_inv.py,0,0,0,0,0,8,0,0,0,0,0,0,0,0,0,0,0,0
E:\Source code on python\Other\bzr-2.5.0\bzrlib\tests\per_repository_chk\test_supported.py,0,0,0,0,0,3,0,0,0,0,0,0,0,0,0,0,0,0
E:\Source code on python\Other\bzr-2.5.0\bzrlib\transport\remote.py,0,0,0,0,0,2,0,0,0,0,0,0,0,0,0,0,0,0
E:\Source code on python\Other\bzr-2.5.0\bzrlib\patches.py,0,0,0,0,0,13,0,0,0,0,0,0,0,0,0,0,0,0
E:\Source code on python\Other\bzr-2.5.0\bzrlib\tests\test__simple_set.py,0,0,0,0,0,1,0,0,0,0,0,0,1,0,0,0,0,0
E:\Source code on python\Other\bzr-2.5.0\bzrlib\cethread.py,0,0,0,0,0,2,0,0,0,0,0,0,0,0,0,0,0,0
E:\Source code on python\Other\bzr-2.5.0\bzrlib\tests\test_urlutils.py,0,0,0,0,0,4,0,0,0,0,0,0,0,0,0,0,0,0
E:\Source code on python\Other\bzr-2.5.0\bzrlib\utextwrap.py,0,0,0,0,0,0,0,0,0,0,0,0,3,0,0,0,0,0
E:\Source code on python\Other\bzr-2.5.0\bzrlib\branchbuilder.py,0,0,0,0,0,1,0,0,0,0,0,0,0,0,0,0,0,0
E:\Source code on python\Other\bzr-2.5.0\bzrlib\timestamp.py,0,0,0,0,0,1,0,0,0,0,0,0,0,0,0,0,0,0
E:\Source code on python\Other\bzr-2.5.0\bzrlib\tests\per_workingtree\test_check.py,0,0,0,0,0,3,0,0,0,0,0,0,0,0,0,0,0,0
E:\Source code on python\Other\bzr-2.5.0\bzrlib\version_info_formats\format_custom.py,0,0,0,0,0,1,0,0,0,0,0,0,0,0,0,0,0,0
E:\Source code on python\Other\bzr-2.5.0\bzrlib\tests\test_mail_client.py,0,0,0,0,0,7,0,0,0,0,0,0,0,0,0,0,0,0
E:\Source code on python\Other\bzr-2.5.0\bzrlib\tests\test_commit.py,0,0,0,0,0,2,0,0,0,0,0,0,1,0,0,0,0,0
E:\Source code on python\Other\bzr-2.5.0\bzrlib\plugins\bash_completion\bashcomp.py,0,0,0,0,0,2,0,0,0,0,0,0,2,0,0,0,0,0
E:\Source code on python\Other\bzr-2.5.0\bzrlib\tests\per_intertree\test_compare.py,0,0,0,0,0,2,0,0,0,0,0,0,0,0,0,0,0,0
E:\Source code on python\Other\bzr-2.5.0\bzrlib\vf_search.py,0,0,0,0,0,1,0,0,0,0,0,0,0,0,0,0,0,0
E:\Source code on python\Other\bzr-2.5.0\bzrlib\tests\ftp_server\pyftpdlib_based.py,0,0,0,0,0,1,0,0,0,0,0,0,0,0,0,0,0,0
E:\Source code on python\Other\bzr-2.5.0\bzrlib\reconcile.py,0,0,0,0,0,0,0,0,0,0,0,0,0,0,0,0,0,0
E:\Source code on python\Other\bzr-2.5.0\bzrlib\tests\test_switch.py,0,0,0,0,0,1,0,0,0,0,0,0,0,0,0,0,0,0
E:\Source code on python\Other\bzr-2.5.0\bzrlib\tests\test_repository.py,0,0,0,0,0,4,0,0,0,0,0,0,0,0,0,0,0,0
E:\Source code on python\Other\bzr-2.5.0\bzrlib\tests\test_merge_directive.py,0,0,0,0,0,4,0,0,0,0,0,0,0,0,0,0,0,0
E:\Source code on python\Other\bzr-2.5.0\bzrlib\smart\vfs.py,0,0,0,0,0,0,0,0,0,0,0,0,0,0,0,0,0,0
E:\Source code on python\Other\bzr-2.5.0\bzrlib\tests\https_server.py,0,0,0,0,0,1,0,0,0,0,0,0,0,0,0,0,0,0
E:\Source code on python\Other\bzr-2.5.0\bzrlib\tests\per_branch\test_create_clone.py,0,0,0,0,0,1,0,0,0,0,0,0,0,0,0,0,0,0
E:\Source code on python\Other\bzr-2.5.0\bzrlib\tests\per_repository_chk\__init__.py,0,0,0,0,0,1,0,0,0,0,0,0,0,0,0,0,0,0
E:\Source code on python\Other\bzr-2.5.0\bzrlib\tests\test_patches.py,0,0,0,0,0,1,0,0,0,0,0,0,0,0,0,0,0,0
E:\Source code on python\Other\bzr-2.5.0\bzrlib\tests\test_lazy_regex.py,0,0,0,0,0,1,0,0,0,0,0,0,0,0,0,0,0,0
E:\Source code on python\Other\bzr-2.5.0\bzrlib\tests\test_foreign.py,0,0,0,0,0,1,0,0,0,0,0,0,1,0,0,0,0,0
E:\Source code on python\Other\bzr-2.5.0\bzrlib\tests\per_branch\test_revision_history.py,0,0,0,0,0,1,0,0,0,0,0,0,2,0,0,0,0,0
E:\Source code on python\Other\bzr-2.5.0\bzrlib\tests\test_directory_service.py,0,0,0,0,0,0,0,0,0,0,0,0,0,0,0,0,0,0
E:\Source code on python\Other\bzr-2.5.0\bzrlib\tests\per_branch\test_sprout.py,0,0,0,0,0,5,0,0,0,0,0,0,0,0,0,0,0,0
E:\Source code on python\Other\bzr-2.5.0\bzrlib\tests\per_workingtree\test_basis_inventory.py,0,0,0,0,0,2,0,0,0,0,0,0,0,0,0,0,0,0
E:\Source code on python\Other\bzr-2.5.0\bzrlib\transport\http\__init__.py,0,0,0,0,0,2,0,0,0,0,0,0,0,0,0,0,0,0
E:\Source code on python\Other\bzr-2.5.0\bzrlib\merge3.py,0,0,0,0,0,0,0,0,0,0,0,0,2,0,0,0,0,0
E:\Source code on python\Other\bzr-2.5.0\bzrlib\xml8.py,0,0,0,0,0,2,0,0,0,0,0,0,0,0,0,0,0,0
E:\Source code on python\Other\bzr-2.5.0\bzrlib\_static_tuple_py.py,0,0,0,0,0,1,0,0,0,0,0,0,0,0,0,0,0,0
E:\Source code on python\Other\bzr-2.5.0\bzrlib\tests\test_api.py,0,0,0,0,0,3,0,0,0,0,0,0,0,0,0,0,0,0
E:\Source code on python\Other\bzr-2.5.0\bzrlib\tests\per_branch\test_hooks.py,0,0,0,0,0,8,0,0,0,0,0,0,1,0,0,0,0,0
E:\Source code on python\Other\bzr-2.5.0\bzrlib\smart\branch.py,0,0,0,0,0,1,0,0,0,0,0,0,0,0,0,0,0,0
E:\Source code on python\Other\bzr-2.5.0\bzrlib\tests\test_groupcompress.py,0,0,0,0,0,4,0,0,0,0,0,0,0,0,0,0,0,0
E:\Source code on python\Other\bzr-2.5.0\bzrlib\tests\per_bzrdir\test_bzrdir.py,0,0,0,0,0,9,0,0,0,0,0,0,0,0,0,0,0,0
E:\Source code on python\Other\bzr-2.5.0\bzrlib\tests\per_workingtree\test_commit.py,0,0,0,0,0,2,0,0,0,0,0,0,1,0,0,0,0,0
E:\Source code on python\Other\bzr-2.5.0\bzrlib\tests\per_repository_reference\test_commit_with_stacking.py,0,0,0,0,0,3,0,0,0,0,0,0,0,0,0,0,0,0
E:\Source code on python\Other\bzr-2.5.0\bzrlib\annotate.py,0,2,0,1,0,0,0,0,0,0,0,0,0,0,0,0,0,0
E:\Source code on python\Other\bzr-2.5.0\bzrlib\tests\per_uifactory\__init__.py,0,1,0,0,0,0,0,0,0,0,1,0,0,0,0,0,0,0
E:\Source code on python\Other\bzr-2.5.0\bzrlib\ignores.py,0,2,0,1,0,0,0,0,0,0,0,0,0,0,0,0,0,0
E:\Source code on python\Other\bzr-2.5.0\bzrlib\workingtree_4.py,0,3,0,1,0,7,0,0,0,0,0,0,1,0,0,0,0,0
E:\Source code on python\Other\bzr-2.5.0\bzrlib\tests\test_smart_signals.py,0,2,0,0,0,0,0,0,0,0,0,0,1,0,0,0,0,0
E:\Source code on python\Other\bzr-2.5.0\bzrlib\doc_generate\autodoc_rstx.py,0,1,0,0,0,0,0,0,0,0,0,0,0,0,0,0,0,0
E:\Source code on python\Other\bzr-2.5.0\bzrlib\tests\test_scenarios.py,0,1,0,0,0,0,0,0,0,0,0,0,0,0,0,0,0,0
E:\Source code on python\Other\bzr-2.5.0\bzrlib\workingtree.py,0,5,0,1,0,6,0,0,0,0,0,0,2,0,0,0,0,0
E:\Source code on python\Other\bzr-2.5.0\bzrlib\weave.py,0,1,0,1,0,6,0,0,0,0,1,0,0,0,0,0,0,0
E:\Source code on python\Other\bzr-2.5.0\bzrlib\tests\TestUtil.py,0,2,0,0,0,3,0,0,0,0,0,0,0,0,0,0,0,0
E:\Source code on python\Other\bzr-2.5.0\bzrlib\repository.py,0,1,0,1,0,5,0,0,0,0,0,0,1,0,0,0,0,0
E:\Source code on python\Other\bzr-2.5.0\bzrlib\ui\text.py,0,4,0,1,0,1,0,0,0,0,0,0,0,0,0,0,0,0
E:\Source code on python\Other\bzr-2.5.0\bzrlib\tests\fixtures.py,0,1,0,0,0,0,0,0,0,0,0,0,0,0,0,0,0,0
E:\Source code on python\Other\bzr-2.5.0\bzrlib\tests\test_bundle.py,0,7,0,0,0,1,0,0,0,0,0,0,0,0,0,0,0,0
E:\Source code on python\Other\bzr-2.5.0\bzrlib\bundle\serializer\v08.py,0,3,0,0,0,3,0,0,0,0,1,0,0,0,0,0,0,0
E:\Source code on python\Other\bzr-2.5.0\bzrlib\url_policy_open.py,0,1,0,0,0,0,0,0,0,0,0,0,1,0,0,0,0,0
E:\Source code on python\Other\bzr-2.5.0\bzrlib\tests\test_chk_map.py,0,1,0,0,0,1,0,0,0,0,0,0,0,0,0,0,0,0
E:\Source code on python\Other\bzr-2.5.0\bzrlib\lazy_regex.py,0,2,0,0,0,0,0,0,0,0,3,0,0,0,0,0,0,0
E:\Source code on python\Other\bzr-2.5.0\bzrlib\tests\per_repository_vf\test_fileid_involved.py,0,1,0,0,0,1,0,0,0,0,0,0,1,0,0,0,0,0
E:\Source code on python\Other\bzr-2.5.0\bzrlib\tests\per_workingtree\test_check_state.py,0,1,0,0,0,0,0,0,0,0,0,0,0,0,0,0,0,0
E:\Source code on python\Other\bzr-2.5.0\bzrlib\branch.py,0,9,0,1,0,6,0,0,0,0,0,0,1,0,0,0,0,0
E:\Source code on python\Other\bzr-2.5.0\bzrlib\tests\script.py,0,2,0,0,0,0,0,0,0,0,0,0,2,0,0,0,0,0
E:\Source code on python\Other\bzr-2.5.0\bzrlib\osutils.py,0,22,0,1,0,7,0,0,0,0,0,0,3,0,0,0,0,0
E:\Source code on python\Other\bzr-2.5.0\bzrlib\vf_repository.py,0,3,0,1,0,1,0,0,0,0,0,0,6,0,0,0,0,0
E:\Source code on python\Other\bzr-2.5.0\bzrlib\xml_serializer.py,0,1,0,0,0,0,0,0,0,0,0,0,0,0,0,0,0,0
E:\Source code on python\Other\bzr-2.5.0\bzrlib\log.py,0,8,0,1,0,7,0,0,0,0,0,0,2,0,0,0,0,0
E:\Source code on python\Other\bzr-2.5.0\bzrlib\transport\ssh.py,0,2,0,0,0,0,0,0,0,0,0,0,1,0,0,0,0,0
E:\Source code on python\Other\bzr-2.5.0\bzrlib\export\tar_exporter.py,0,2,0,0,0,0,0,0,0,0,0,0,0,0,0,0,0,0
E:\Source code on python\Other\bzr-2.5.0\bzrlib\tests\test_index.py,0,1,0,0,0,0,0,0,0,0,0,0,9,0,0,0,0,0
E:\Source code on python\Other\bzr-2.5.0\bzrlib\tests\test_log.py,0,2,0,0,0,0,0,0,0,0,0,0,1,0,0,0,0,0
E:\Source code on python\Other\bzr-2.5.0\bzrlib\transport\ftp\__init__.py,0,1,0,0,0,0,0,0,0,0,0,0,0,0,0,0,0,0
E:\Source code on python\Other\bzr-2.5.0\bzrlib\tests\test_config.py,0,1,0,0,0,6,0,0,0,0,0,0,0,0,0,0,0,3
E:\Source code on python\Other\bzr-2.5.0\bzrlib\breakin.py,0,2,0,0,0,0,0,0,0,0,0,0,0,0,0,0,0,0
E:\Source code on python\Other\bzr-2.5.0\bzrlib\diff.py,0,1,0,1,0,2,0,0,0,0,0,0,0,0,0,0,0,0
E:\Source code on python\Other\bzr-2.5.0\bzrlib\plugins\weave_fmt\xml4.py,0,1,0,0,0,0,0,0,0,0,0,0,0,0,0,0,0,0
E:\Source code on python\Other\bzr-2.5.0\bzrlib\tests\test_sftp_transport.py,0,1,0,0,0,0,0,0,0,0,0,0,1,0,0,0,0,0
E:\Source code on python\Other\bzr-2.5.0\bzrlib\util\configobj\configobj.py,0,4,0,0,0,41,0,0,0,0,0,0,13,0,0,0,0,0
E:\Source code on python\Other\bzr-2.5.0\bzrlib\bundle\bundle_data.py,0,1,0,0,0,0,0,0,0,0,0,0,0,0,0,0,0,0
E:\Source code on python\Other\bzr-2.5.0\bzrlib\tests\per_tree\test_path_content_summary.py,0,0,0,0,0,2,0,0,0,0,0,0,0,0,0,0,0,0
E:\Source code on python\Other\bzr-2.5.0\bzrlib\tests\per_repository_reference\test_get_record_stream.py,0,0,0,0,0,1,0,0,0,0,0,0,0,0,0,0,0,0
E:\Source code on python\Other\bzr-2.5.0\tools\capture_tree.py,0,0,0,0,0,1,0,0,0,0,0,0,0,0,0,0,0,0
E:\Source code on python\Other\bzr-2.5.0\bzrlib\tests\per_branch\test_push.py,0,0,0,0,0,1,1,0,0,0,0,0,0,0,0,0,0,0
E:\Source code on python\Other\bzr-2.5.0\bzrlib\tests\ftp_server\medusa_based.py,0,0,0,0,0,1,0,0,0,0,0,0,0,0,0,0,0,0
E:\Source code on python\Other\bzr-2.5.0\bzrlib\plugins\weave_fmt\workingtree.py,0,0,0,0,0,2,0,0,0,0,0,0,0,0,0,0,0,0
E:\Source code on python\Other\bzr-2.5.0\bzrlib\cleanup.py,0,0,0,0,0,0,0,0,0,0,0,0,1,0,0,0,0,0
E:\Source code on python\Other\bzr-2.5.0\bzrlib\plugins\weave_fmt\branch.py,0,0,0,0,0,1,0,0,0,0,0,0,0,0,0,0,0,0
E:\Source code on python\Other\bzr-2.5.0\bzrlib\transport\trace.py,0,0,0,0,0,0,0,0,0,0,0,0,0,0,0,0,0,0
E:\Source code on python\Other\bzr-2.5.0\bzrlib\tests\http_server.py,0,0,0,0,0,1,0,0,0,0,0,0,0,0,0,0,0,0
E:\Source code on python\Other\bzr-2.5.0\bzrlib\tests\test__static_tuple.py,0,0,0,0,0,1,0,0,0,0,0,0,6,0,0,0,0,0
E:\Source code on python\Other\bzr-2.5.0\bzrlib\tests\per_repository_vf\helpers.py,0,0,0,0,0,1,0,0,0,0,0,0,0,0,0,0,0,0
E:\Source code on python\Other\bzr-2.5.0\bzrlib\tests\per_intertree\__init__.py,0,0,0,0,0,1,0,0,0,0,0,0,0,0,0,0,0,0
E:\Source code on python\Other\bzr-2.5.0\bzrlib\info.py,0,0,0,0,0,1,0,0,0,0,0,0,0,0,0,0,0,0
E:\Source code on python\Other\bzr-2.5.0\bzrlib\tests\test_sampler.py,0,0,0,0,0,0,0,0,0,0,0,0,0,0,0,0,0,0
E:\Source code on python\Other\bzr-2.5.0\bzrlib\static_tuple.py,0,0,0,0,0,1,0,0,0,0,0,0,0,0,0,0,0,0
E:\Source code on python\Other\bzr-2.5.0\bzrlib\tests\per_bzrdir\__init__.py,0,0,0,0,0,1,0,0,0,0,0,0,0,0,0,0,0,0
E:\Source code on python\Other\bzr-2.5.0\bzrlib\testament.py,0,0,0,0,0,1,0,0,0,0,0,0,0,0,0,0,0,0
E:\Source code on python\Other\bzr-2.5.0\bzrlib\tests\per_repository_reference\test_graph.py,0,0,0,0,0,1,0,0,0,0,0,0,0,0,0,0,0,0
E:\Source code on python\Other\bzr-2.5.0\bzrlib\tests\per_branch\test_reconcile.py,0,0,0,0,0,1,0,0,0,0,0,0,0,0,0,0,0,0
E:\Source code on python\Other\bzr-2.5.0\bzrlib\transport\gio_transport.py,0,0,0,0,0,1,0,0,0,0,0,0,0,0,0,0,0,0
E:\Source code on python\Other\bzr-2.5.0\bzrlib\tests\test_controldir.py,0,0,0,0,0,1,0,0,0,0,0,0,0,0,0,0,0,0
E:\Source code on python\Other\bzr-2.5.0\bzrlib\tests\test_read_bundle.py,0,0,0,0,0,1,0,0,0,0,0,0,0,0,0,0,0,0
E:\Source code on python\Other\bzr-2.5.0\bzrlib\delta.py,0,0,0,0,0,1,0,0,0,0,0,0,0,0,0,0,0,0
E:\Source code on python\Other\bzr-2.5.0\bzrlib\tests\blackbox\test_upgrade.py,0,0,0,0,0,5,0,0,0,0,0,0,0,0,0,0,0,0
E:\Source code on python\Other\bzr-2.5.0\bzrlib\tests\per_branch\test_branch.py,0,0,0,0,0,4,0,0,0,0,0,0,0,0,0,0,0,0
E:\Source code on python\Other\bzr-2.5.0\bzrlib\tests\per_interbranch\test_push.py,0,0,0,0,0,2,0,0,0,0,0,0,0,0,0,0,0,0
E:\Source code on python\Other\bzr-2.5.0\bzrlib\tests\test_inventory_delta.py,0,0,0,0,0,0,0,0,0,0,1,0,0,0,0,0,0,0
E:\Source code on python\Other\bzr-2.5.0\bzrlib\tests\per_repository\test_fetch.py,0,0,0,0,0,1,0,0,0,0,0,0,0,0,0,0,0,0
E:\Source code on python\Other\bzr-2.5.0\bzrlib\tests\per_merger.py,0,0,0,0,0,0,0,0,0,0,1,0,0,0,0,0,0,0
E:\Source code on python\Other\bzr-2.5.0\bzrlib\tests\per_repository_reference\test_add_signature_text.py,0,0,0,0,0,0,0,0,0,0,0,0,0,0,0,0,0,0
E:\Source code on python\Other\bzr-2.5.0\bzrlib\tests\per_branch\test_tags.py,0,0,0,0,0,1,0,0,0,0,0,0,0,0,0,0,0,0
E:\Source code on python\Other\bzr-2.5.0\bzrlib\tests\test_remote.py,0,0,0,0,0,2,0,0,0,0,0,0,0,0,0,0,0,0
E:\Source code on python\Other\bzr-2.5.0\bzrlib\intset.py,0,0,0,0,0,5,0,0,0,0,0,0,0,0,0,0,0,0
E:\Source code on python\Other\bzr-2.5.0\bzrlib\tests\test_server.py,0,0,0,0,0,1,0,0,0,0,0,0,0,0,0,0,0,0
E:\Source code on python\Other\bzr-2.5.0\bzrlib\tests\per_repository_vf\test_write_group.py,0,0,0,0,0,2,0,0,0,0,0,0,1,0,0,0,0,0
E:\Source code on python\Other\bzr-2.5.0\bzrlib\smart\message.py,0,0,0,0,0,0,0,0,0,0,0,0,0,0,0,0,0,0
E:\Source code on python\Other\bzr-2.5.0\tools\bzr_epydoc_uid.py,0,0,0,0,0,1,0,0,0,0,0,0,0,0,0,0,0,0
E:\Source code on python\Other\bzr-2.5.0\bzrlib\tests\test_testament.py,0,0,0,0,0,1,0,0,0,0,0,0,0,0,0,0,0,0
E:\Source code on python\Other\bzr-2.5.0\bzrlib\tests\per_controldir_colo\__init__.py,0,0,0,0,0,1,0,0,0,0,0,0,0,0,0,0,0,0
E:\Source code on python\Other\bzr-2.5.0\bzrlib\upgrade.py,0,0,0,0,0,1,0,0,0,0,0,0,1,0,0,0,0,0
E:\Source code on python\Other\bzr-2.5.0\setup.py,0,2,0,0,0,0,0,0,0,0,0,0,0,0,0,0,1,0
E:\Source code on python\Other\bzr-2.5.0\bzrlib\bzrdir.py,0,1,1,1,0,19,0,0,0,0,0,0,2,0,0,0,0,0
E:\Source code on python\Other\bzr-2.5.0\bzrlib\tests\test_hooks.py,0,0,1,0,0,0,0,0,0,0,0,0,0,0,0,0,0,0
E:\Source code on python\Other\bzr-2.5.0\bzrlib\config.py,0,2,4,1,0,14,0,0,0,0,0,0,8,0,0,0,0,4
E:\Source code on python\Other\bzr-2.5.0\bzrlib\commands.py,0,4,0,1,0,3,0,0,0,0,0,0,3,0,0,0,1,0
E:\Source code on python\Other\bzr-2.5.0\bzrlib\controldir.py,0,0,2,1,0,2,0,0,0,0,0,0,0,0,0,0,0,0
E:\Source code on python\Other\bzr-2.5.0\bzrlib\tests\test_lazy_import.py,0,4,0,23,2,0,0,0,0,0,0,0,0,0,0,0,2,0
E:\Source code on python\Other\bzr-2.5.0\bzrlib\transport\http\_urllib2_wrappers.py,1,2,0,1,0,2,0,0,0,0,1,1,0,0,0,0,0,0
E:\Source code on python\Other\bzr-2.5.0\bzrlib\registry.py,0,0,2,0,0,0,0,0,0,0,0,0,1,0,0,0,0,0
E:\Source code on python\Other\bzr-2.5.0\bzrlib\tests\__init__.py,0,23,3,2,0,17,0,0,0,0,5,0,5,0,0,0,0,1
E:\Source code on python\Other\bzr-2.5.0\bzrlib\doc_generate\__init__.py,0,1,0,0,0,0,0,0,0,0,0,0,0,0,0,0,1,0
E:\Source code on python\Other\bzr-2.5.0\bzrlib\symbol_versioning.py,0,1,2,0,0,0,1,0,0,0,0,0,0,0,0,0,0,0
E:\Source code on python\Other\bzr-2.5.0\bzrlib\lazy_import.py,0,3,0,1,0,0,0,0,0,0,1,0,0,0,0,0,2,0
E:\Source code on python\Other\bzr-2.5.0\bzrlib\tests\test_selftest.py,1,2,1,0,0,1,2,0,0,0,0,0,2,0,0,0,1,0
E:\Source code on python\Other\bzr-2.5.0\tools\win32\run_script.py,0,0,0,0,0,0,0,0,0,0,0,0,1,0,0,1,0,0
E:\Source code on python\Other\bzr-2.5.0\bzrlib\pyutils.py,0,1,0,1,1,0,0,0,0,0,0,0,0,0,0,0,2,0
E:\Source code on python\Other\bzr-2.5.0\bzrlib\tests\test_plugins.py,0,7,0,0,0,0,0,0,0,0,0,4,8,0,0,0,0,0
E:\Source code on python\Other\bzr-2.5.0\bzrlib\commit.py,0,1,0,0,0,3,0,0,0,0,0,0,0,1,0,0,0,0
E:\Source code on python\Other\bzr-2.5.0\bzrlib\ui\__init__.py,0,1,0,1,0,0,0,0,0,0,0,0,0,0,0,0,0,0
E:\Source code on python\Other\bzr-2.5.0\bzrlib\tests\per_interrepository\test_fetch.py,0,1,0,0,0,0,0,0,0,0,0,0,0,0,0,0,0,0
E:\Source code on python\Other\bzr-2.5.0\bzrlib\tests\per_workingtree\test_flush.py,0,0,0,0,0,0,0,0,0,0,0,0,0,0,0,0,0,0
E:\Source code on python\Other\bzr-2.5.0\bzrlib\tests\blackbox\test_uncommit.py,0,0,0,0,0,0,0,0,0,0,0,0,0,0,0,0,0,0
E:\Source code on python\Other\bzr-2.5.0\bzrlib\export\__init__.py,0,0,0,0,0,0,0,0,0,0,0,0,0,0,0,0,0,0
E:\Source code on python\Other\bzr-2.5.0\bzrlib\tests\per_controldir_colo\test_unsupported.py,0,0,0,0,0,0,0,0,0,0,0,0,0,0,0,0,0,0
E:\Source code on python\Other\bzr-2.5.0\bzrlib\tests\per_repository\test_get_parent_map.py,0,0,0,0,0,0,0,0,0,0,0,0,0,0,0,0,0,0
E:\Source code on python\Other\bzr-2.5.0\bzrlib\filter_tree.py,0,0,0,0,0,0,0,0,0,0,0,0,0,0,0,0,0,0
E:\Source code on python\Other\bzr-2.5.0\bzrlib\tests\per_workingtree\test_remove.py,0,0,0,0,0,0,0,0,0,0,0,0,0,0,0,0,0,0
E:\Source code on python\Other\bzr-2.5.0\bzrlib\hashcache.py,0,0,0,0,0,0,0,0,0,0,0,0,3,0,0,0,0,0
E:\Source code on python\Other\bzr-2.5.0\bzrlib\plugins\weave_fmt\test_bzrdir.py,0,0,0,0,0,0,0,0,0,0,0,0,0,0,0,0,0,0
E:\Source code on python\Other\bzr-2.5.0\bzrlib\plugins\launchpad\lp_directory.py,0,0,0,0,0,0,0,0,0,0,0,0,0,0,0,0,0,0
E:\Source code on python\Other\bzr-2.5.0\bzrlib\plugins\netrc_credential_store\tests\__init__.py,0,0,0,0,0,0,0,0,0,0,0,0,0,0,0,0,0,0
E:\Source code on python\Other\bzr-2.5.0\bzrlib\plugins\launchpad\test_lp_open.py,0,0,0,0,0,0,0,0,0,0,0,0,0,0,0,0,0,0
E:\Source code on python\Other\bzr-2.5.0\bzrlib\tests\test_reconfigure.py,0,0,0,0,0,0,0,0,0,0,0,0,0,0,0,0,0,0
E:\Source code on python\Other\bzr-2.5.0\bzrlib\tests\commands\test_update.py,0,0,0,0,0,0,0,0,0,0,0,0,0,0,0,0,0,0
E:\Source code on python\Other\bzr-2.5.0\bzrlib\tests\doc_generate\__init__.py,0,0,0,0,0,0,0,0,0,0,0,0,0,0,0,0,0,0
E:\Source code on python\Other\bzr-2.5.0\bzrlib\tests\commands\test_missing.py,0,0,0,0,0,0,0,0,0,0,0,0,0,0,0,0,0,0
E:\Source code on python\Other\bzr-2.5.0\bzrlib\tests\commands\test_pull.py,0,0,0,0,0,0,0,0,0,0,0,0,0,0,0,0,0,0
E:\Source code on python\Other\bzr-2.5.0\bzrlib\version_info_formats\format_python.py,0,0,0,0,0,0,0,0,0,0,0,0,0,0,0,0,0,0
E:\Source code on python\Other\bzr-2.5.0\bzrlib\tests\test_knit.py,0,0,0,0,0,0,0,0,0,0,0,0,0,0,0,0,0,0
E:\Source code on python\Other\bzr-2.5.0\bzrlib\tests\test_lsprof.py,0,0,0,0,0,0,0,0,0,0,0,0,0,0,0,0,0,0
E:\Source code on python\Other\bzr-2.5.0\bzrlib\tests\test_bad_files.py,0,0,0,0,0,0,0,0,0,0,0,0,0,0,0,0,0,0
E:\Source code on python\Other\bzr-2.5.0\bzrlib\tests\test_pyutils.py,0,0,0,0,0,0,0,0,0,0,0,0,0,0,0,0,0,0
E:\Source code on python\Other\bzr-2.5.0\bzrlib\tests\blackbox\test_break_lock.py,0,0,0,0,0,0,0,0,0,0,0,0,0,0,0,0,0,0
E:\Source code on python\Other\bzr-2.5.0\bzrlib\tests\blackbox\test_export.py,0,0,0,0,0,0,0,0,0,0,0,0,0,0,0,0,0,0
E:\Source code on python\Other\bzr-2.5.0\bzrlib\tests\blackbox\test_help.py,0,0,0,0,0,0,0,0,0,0,0,0,0,0,0,0,0,0
E:\Source code on python\Other\bzr-2.5.0\bzrlib\tests\per_repository_reference\test_initialize.py,0,0,0,0,0,0,0,0,0,0,0,0,0,0,0,0,0,0
E:\Source code on python\Other\bzr-2.5.0\bzrlib\tests\per_tree\test_get_file_with_stat.py,0,0,0,0,0,0,0,0,0,0,0,0,0,0,0,0,0,0
E:\Source code on python\Other\bzr-2.5.0\bzrlib\tests\test_ssh_transport.py,0,0,0,0,0,0,0,0,0,0,0,0,0,0,0,0,0,0
E:\Source code on python\Other\bzr-2.5.0\bzrlib\tests\test_serializer.py,0,0,0,0,0,0,0,0,0,0,0,0,0,0,0,0,0,0
E:\Source code on python\Other\bzr-2.5.0\bzrlib\tests\test_btree_index.py,0,0,0,0,0,0,0,0,0,0,0,0,23,0,0,0,0,0
E:\Source code on python\Other\bzr-2.5.0\bzrlib\tests\per_repository_vf\__init__.py,0,0,0,0,0,0,0,0,0,0,0,0,0,0,0,0,0,0
E:\Source code on python\Other\bzr-2.5.0\bzrlib\tests\per_branch\__init__.py,0,1,0,0,0,0,0,0,0,0,0,0,0,0,0,0,0,0
E:\Source code on python\Other\bzr-2.5.0\bzrlib\send.py,0,1,0,0,0,0,0,0,0,0,0,0,0,0,0,0,0,0
E:\Source code on python\Other\bzr-2.5.0\bzrlib\tests\blackbox\test_selftest.py,0,1,0,0,0,0,0,0,0,0,0,0,1,0,0,0,0,0
E:\Source code on python\Other\bzr-2.5.0\bzrlib\tests\per_workingtree\test_workingtree.py,0,2,0,0,0,3,0,0,0,0,0,0,0,0,0,0,0,0
E:\Source code on python\Other\bzr-2.5.0\bzrlib\tests\test_source.py,0,1,0,0,0,0,0,0,0,0,0,0,0,0,0,0,0,0
E:\Source code on python\Other\bzr-2.5.0\bzrlib\transport\log.py,0,1,0,0,0,2,0,0,0,0,1,0,0,0,0,0,0,0
E:\Source code on python\Other\bzr-2.5.0\bzrlib\merge.py,0,4,0,1,0,0,0,0,0,0,0,0,0,0,0,0,0,0
E:\Source code on python\Other\bzr-2.5.0\bzrlib\tests\test_smart_transport.py,0,4,0,0,0,0,0,0,0,0,0,0,3,0,0,0,0,0
E:\Source code on python\Other\bzr-2.5.0\bzrlib\tests\per_repository\test_repository.py,0,2,0,0,0,6,0,0,0,0,0,0,0,0,0,0,0,0
E:\Source code on python\Other\bzr-2.5.0\bzrlib\tests\test_errors.py,0,3,0,0,0,0,0,0,0,0,0,0,1,0,0,0,0,0
E:\Source code on python\Other\bzr-2.5.0\bzrlib\merge_directive.py,0,1,0,1,0,0,0,0,0,0,0,0,0,0,0,0,0,0
E:\Source code on python\Other\bzr-2.5.0\bzrlib\repofmt\groupcompress_repo.py,0,2,0,0,0,1,0,0,0,0,0,0,5,0,0,0,0,0
E:\Source code on python\Other\bzr-2.5.0\bzrlib\tests\per_workingtree\test_eol_conversion.py,0,1,0,0,0,0,0,0,0,0,0,0,0,0,0,0,0,0
E:\Source code on python\Other\bzr-2.5.0\bzrlib\plugins\launchpad\lp_registration.py,0,1,0,0,0,0,0,0,0,0,0,0,0,0,0,0,0,0
E:\Source code on python\Other\bzr-2.5.0\bzrlib\revisiontree.py,0,1,0,0,0,2,0,0,0,0,0,0,0,0,0,0,0,0
E:\Source code on python\Other\bzr-2.5.0\bzrlib\tests\test_workingtree_4.py,0,2,0,0,0,4,0,0,0,0,0,0,2,0,0,0,0,0
E:\Source code on python\Other\bzr-2.5.0\bzrlib\export\dir_exporter.py,0,1,0,0,0,0,0,0,0,0,0,0,0,0,0,0,0,0
E:\Source code on python\Other\bzr-2.5.0\bzrlib\tests\per_tree\test_test_trees.py,0,4,0,0,0,0,0,0,0,0,0,0,0,0,0,0,0,0
E:\Source code on python\Other\bzr-2.5.0\bzrlib\tests\test_transport.py,0,1,0,0,0,3,0,0,0,0,0,0,3,0,0,0,0,0
E:\Source code on python\Other\bzr-2.5.0\bzrlib\dirstate.py,0,1,0,0,0,1,0,0,0,0,0,0,9,0,0,0,0,0
E:\Source code on python\Other\bzr-2.5.0\bzrlib\tests\stub_sftp.py,0,4,0,0,0,1,0,0,0,0,0,0,0,0,0,0,0,0
E:\Source code on python\Other\bzr-2.5.0\bzrlib\tests\test_conflicts.py,0,4,0,0,0,0,0,0,0,0,0,0,0,0,0,0,0,0
E:\Source code on python\Other\bzr-2.5.0\contrib\convert_to_1.9.py,0,1,0,0,0,3,0,0,0,0,0,0,1,0,0,0,0,0
E:\Source code on python\Other\bzr-2.5.0\bzrlib\remote.py,0,2,0,0,0,27,0,0,0,0,0,0,1,0,0,0,0,0
E:\Source code on python\Other\bzr-2.5.0\bzrlib\hooks.py,0,2,0,1,0,0,0,0,0,0,0,0,1,0,0,0,0,0
E:\Source code on python\Other\bzr-2.5.0\bzrlib\transactions.py,0,2,0,0,0,0,0,0,0,0,0,0,2,0,0,0,0,0
E:\Source code on python\Other\bzr-2.5.0\bzrlib\store\__init__.py,0,1,0,0,0,0,0,0,0,0,0,0,0,0,0,0,0,0
E:\Source code on python\Other\bzr-2.5.0\bzrlib\tests\per_repository_vf\test_add_inventory_by_delta.py,0,2,0,0,0,0,0,0,0,0,0,0,0,0,0,0,0,0
E:\Source code on python\Other\bzr-2.5.0\bzrlib\tests\blackbox\test_repair_workingtree.py,0,1,0,0,0,0,0,0,0,0,0,0,0,0,0,0,0,0
E:\Source code on python\Other\bzr-2.5.0\bzrlib\tests\per_workingtree\test_locking.py,0,2,0,0,0,0,0,0,0,0,0,0,0,0,0,0,0,0
E:\Source code on python\Other\bzr-2.5.0\bzrlib\option.py,0,2,0,1,0,0,0,3,0,0,3,0,1,0,0,0,0,0
E:\Source code on python\Other\bzr-2.5.0\bzrlib\plugin.py,0,7,0,1,0,2,0,0,0,0,0,0,1,0,0,0,0,0
E:\Source code on python\Other\bzr-2.5.0\bzrlib\tests\blackbox\test_push.py,0,1,0,0,0,0,0,0,0,0,0,0,0,0,0,0,0,0
E:\Source code on python\Other\bzr-2.5.0\bzrlib\tests\blackbox\test_switch.py,0,0,0,0,1,0,0,0,0,0,0,0,0,0,0,0,0,0
E:\Source code on python\Other\bzr-2.5.0\bzrlib\tests\per_pack_repository.py,0,4,0,0,0,2,0,0,0,0,0,0,0,0,0,0,0,0
E:\Source code on python\Other\bzr-2.5.0\bzrlib\tests\per_workingtree\test_readonly.py,0,1,0,0,0,1,0,0,0,0,0,0,0,0,0,0,0,0
E:\Source code on python\Other\bzr-2.5.0\bzrlib\repofmt\knitpack_repo.py,0,1,0,1,0,0,0,0,0,0,0,0,2,0,0,0,0,0
E:\Source code on python\Other\bzr-2.5.0\bzrlib\tests\lock_helpers.py,0,1,0,0,0,0,0,0,0,0,1,0,0,0,0,0,0,0
E:\Source code on python\Other\bzr-2.5.0\bzrlib\inventory.py,0,4,0,1,0,8,0,0,0,0,0,0,6,0,0,0,0,0
E:\Source code on python\Other\bzr-2.5.0\bzrlib\transform.py,0,2,0,1,0,0,0,0,0,0,0,0,13,0,0,0,0,0
E:\Source code on python\Other\bzr-2.5.0\bzrlib\globbing.py,1,0,0,0,0,0,0,0,0,0,0,0,0,0,0,0,0,0
E:\Source code on python\Other\bzr-2.5.0\bzrlib\i18n.py,1,0,0,0,0,0,0,0,0,0,0,0,0,0,0,0,0,0
E:\Source code on python\Other\bzr-2.5.0\bzrlib\smart\request.py,0,1,0,1,0,18,1,0,0,0,0,0,0,0,0,0,0,0
E:\Source code on python\Other\bzr-2.5.0\bzrlib\atomicfile.py,0,0,0,1,0,0,0,0,0,0,0,0,0,0,0,0,0,0
E:\Source code on python\Other\bzr-2.5.0\bzrlib\weavefile.py,0,1,0,0,0,1,0,0,0,0,0,0,0,0,0,0,0,0
E:\Source code on python\Other\bzr-2.5.0\bzrlib\plugins\bash_completion\tests\test_bashcomp.py,0,1,0,0,0,0,0,0,0,0,0,0,3,0,0,0,0,0
E:\Source code on python\Other\bzr-2.5.0\bzrlib\graph.py,0,3,0,0,0,0,0,0,0,0,0,0,5,0,0,0,0,0
E:\Source code on python\Other\bzr-2.5.0\bzrlib\tests\per_versionedfile.py,1,2,0,0,0,2,0,0,0,0,0,0,0,0,0,0,0,0
E:\Source code on python\Other\bzr-2.5.0\bzrlib\transport\pathfilter.py,0,1,0,0,0,0,0,0,0,0,0,0,0,0,0,0,0,0
E:\Source code on python\Other\bzr-2.5.0\bzrlib\tests\test_identitymap.py,0,1,0,0,0,0,0,0,0,0,0,0,0,0,0,0,0,0
E:\Source code on python\Other\bzr-2.5.0\bzrlib\lsprof.py,0,5,0,1,1,8,0,0,0,0,0,0,0,0,0,0,0,0
E:\Source code on python\Other\bzr-2.5.0\bzrlib\transport\sftp.py,0,6,0,0,0,0,0,0,0,0,0,0,2,0,0,0,0,0
E:\Source code on python\Other\bzr-2.5.0\bzrlib\version.py,0,1,0,0,0,1,0,0,0,0,0,0,0,0,0,0,0,0
E:\Source code on python\Other\bzr-2.5.0\bzrlib\cmdline.py,0,1,0,0,0,0,0,0,0,0,0,0,0,0,0,0,0,0
E:\Source code on python\Other\bzr-2.5.0\bzrlib\tests\per_branch\test_locking.py,0,2,0,0,0,0,0,0,0,0,0,0,0,0,0,0,0,0
E:\Source code on python\Other\bzr-2.5.0\bzrlib\tests\per_workingtree\test_views.py,0,2,0,0,0,0,0,0,0,0,0,0,0,0,0,0,0,0
E:\Source code on python\Other\bzr-2.5.0\bzrlib\transport\ftp\_gssapi.py,0,1,0,0,0,0,0,0,0,0,0,0,0,0,0,0,0,0
E:\Source code on python\Other\bzr-2.5.0\bzrlib\transport\__init__.py,0,1,0,1,0,4,0,0,0,0,0,0,2,0,0,0,0,0
E:\Source code on python\Other\bzr-2.5.0\bzrlib\tests\test_transform.py,0,2,0,0,0,0,0,0,0,0,1,0,1,0,0,0,0,0
E:\Source code on python\Other\bzr-2.5.0\bzrlib\tests\test_registry.py,0,1,0,0,0,0,0,0,0,0,0,0,0,0,0,0,0,0
E:\Source code on python\Other\bzr-2.5.0\bzrlib\decorators.py,0,1,0,0,0,1,0,0,0,0,1,0,2,0,0,0,0,0
E:\Source code on python\Other\bzr-2.5.0\bzrlib\tests\test_test_server.py,0,1,0,0,0,0,0,0,0,0,0,0,0,0,0,0,0,0
E:\Source code on python\Other\bzr-2.5.0\bzrlib\builtins.py,0,6,0,1,0,3,0,0,0,0,0,0,0,0,0,0,0,0
E:\Source code on python\Other\bzr-2.5.0\bzrlib\conflicts.py,0,5,0,1,0,0,0,0,0,0,0,0,0,0,0,0,0,0
E:\Source code on python\Other\bzr-2.5.0\bzrlib\smart\signals.py,0,1,0,0,0,0,0,0,0,0,0,0,1,0,0,0,0,0
E:\Source code on python\Other\bzr-2.5.0\bzrlib\tests\test_osutils.py,0,2,0,0,0,3,0,0,0,0,0,0,6,0,0,0,0,0
E:\Source code on python\Other\bzr-2.5.0\bzrlib\bundle\apply_bundle.py,0,1,0,0,0,0,0,0,0,0,0,0,0,0,0,0,0,0
E:\Source code on python\Other\bzr-2.5.0\bzrlib\fifo_cache.py,0,1,0,0,0,1,0,0,0,0,0,0,2,0,0,0,0,0
E:\Source code on python\Other\bzr-2.5.0\bzrlib\doc_generate\writers\texinfo.py,0,2,0,0,0,0,0,0,0,0,2,0,0,0,0,0,0,0
E:\Source code on python\Other\bzr-2.5.0\bzrlib\store\text.py,0,1,0,0,0,2,0,0,0,0,0,0,0,0,0,0,0,0
E:\Source code on python\Other\bzr-2.5.0\bzrlib\tests\per_controldir\test_controldir.py,0,1,0,0,0,8,1,0,0,0,0,0,0,0,0,0,0,0
E:\Source code on python\Other\bzr-2.5.0\bzrlib\progress.py,0,1,0,0,0,0,0,0,0,0,0,0,0,0,0,0,0,0
E:\Source code on python\Other\bzr-2.5.0\bzrlib\tests\scenarios.py,0,1,0,0,0,0,0,0,0,0,0,0,0,0,0,0,0,0
E:\Source code on python\Other\bzr-2.5.0\bzrlib\tests\per_interrepository\__init__.py,0,1,0,0,0,0,0,0,0,0,0,0,0,0,0,0,0,0
E:\Source code on python\Other\bzr-2.5.0\bzrlib\tree.py,0,2,0,1,0,2,0,0,0,0,0,0,1,0,0,0,0,0
E:\Source code on python\Other\bzr-2.5.0\bzrlib\smart\protocol.py,0,7,0,0,0,9,0,0,0,0,0,0,1,0,0,0,0,0
E:\Source code on python\Other\bzr-2.5.0\bzrlib\tests\per_branch\test_permissions.py,0,1,0,0,0,5,0,0,0,0,0,0,0,0,0,0,0,0
E:\Source code on python\Other\bzr-2.5.0\bzrlib\bundle\serializer\__init__.py,0,1,0,0,0,0,0,0,0,0,0,0,0,0,0,0,0,0
E:\Source code on python\Other\bzr-2.5.0\bzrlib\tests\per_workingtree\test_content_filters.py,0,1,0,0,0,0,0,0,0,0,0,0,0,0,0,0,0,0
E:\Source code on python\Other\bzr-2.5.0\bzrlib\bundle\commands.py,0,1,0,1,0,1,0,0,0,0,0,0,0,0,0,0,0,0
E:\Source code on python\Other\bzr-2.5.0\bzrlib\win32utils.py,0,4,0,0,0,1,0,0,0,0,0,0,0,0,0,0,0,0
E:\Source code on python\Other\bzr-2.5.0\bzrlib\filters\__init__.py,0,2,0,1,0,0,0,0,0,0,0,0,0,0,0,0,0,0
E:\Source code on python\Other\bzr-2.5.0\bzrlib\tests\blackbox\test_branch.py,0,0,0,0,2,0,0,0,0,0,0,0,0,0,0,0,0,0
E:\Source code on python\Other\bzr-2.5.0\bzrlib\tests\test_graph.py,0,2,0,0,0,0,0,0,0,0,0,0,0,0,0,0,0,0
E:\Source code on python\Other\bzr-2.5.0\bzrlib\rio.py,0,0,0,0,0,3,0,0,0,0,0,0,0,0,0,0,0,0
E:\Source code on python\Other\bzr-2.5.0\bzrlib\tests\test_status.py,2,0,0,0,0,0,0,0,0,0,0,0,0,0,0,0,0,0
E:\Source code on python\Other\bzr-2.5.0\bzrlib\tests\test_options.py,1,0,0,0,0,0,0,0,0,0,0,0,0,0,0,0,0,0
E:\Source code on python\Other\bzr-2.5.0\bzrlib\tests\test_msgeditor.py,1,0,0,0,0,0,0,0,0,0,0,0,0,0,0,0,0,0
E:\Source code on python\Other\bzr-2.5.0\bzrlib\tests\test_bzrdir.py,2,0,0,0,0,2,0,0,0,0,0,0,0,0,0,0,0,0
E:\Source code on python\Other\bzr-2.5.0\bzrlib\gpg.py,0,0,0,1,0,2,0,0,0,0,0,0,0,0,0,0,0,0
E:\Source code on python\Other\bzr-2.5.0\bzrlib\plugins\weave_fmt\bzrdir.py,0,0,0,1,0,2,0,0,0,0,0,0,0,0,0,0,0,0
E:\Source code on python\Other\bzr-2.5.0\bzrlib\tag.py,0,0,0,1,0,0,0,0,0,0,0,0,1,0,0,0,0,0
E:\Source code on python\Other\bzr-2.5.0\bzrlib\fetch.py,0,0,0,1,0,0,0,0,0,0,0,0,0,0,0,0,0,0
E:\Source code on python\Other\bzr-2.5.0\bzrlib\tests\matchers.py,0,0,0,1,0,2,1,0,0,0,0,0,0,0,0,0,0,0
E:\Source code on python\Other\bzr-2.5.0\bzrlib\lockdir.py,0,0,0,1,0,1,0,0,0,0,0,0,0,0,0,0,0,0
E:\Source code on python\Other\bzr-2.5.0\bzrlib\patiencediff.py,0,0,0,1,0,0,0,0,0,0,0,0,0,0,0,0,0,0
E:\Source code on python\Other\bzr-2.5.0\bzrlib\knit.py,0,0,0,1,0,0,0,0,0,0,0,0,8,0,0,0,0,0
E:\Source code on python\Other\bzr-2.5.0\bzrlib\transport\local.py,0,0,0,1,0,1,0,0,0,0,0,0,0,0,0,0,0,0
E:\Source code on python\Other\bzr-2.5.0\bzrlib\multiparent.py,0,0,0,1,0,4,0,0,0,0,0,0,0,0,0,0,0,0
E:\Source code on python\Other\bzr-2.5.0\bzrlib\textmerge.py,0,0,0,1,0,0,0,0,0,0,0,0,0,0,0,0,0,0
E:\Source code on python\Other\bzr-2.5.0\bzrlib\index.py,0,0,0,1,0,0,0,0,0,0,0,0,4,0,0,0,0,0
E:\Source code on python\Other\bzr-2.5.0\bzrlib\plugins\po_merge\po_merge.py,0,0,0,1,0,0,0,0,0,0,0,0,0,0,0,0,0,0
E:\Source code on python\Other\bzr-2.5.0\bzrlib\plugins\launchpad\__init__.py,0,0,0,1,0,0,0,0,0,0,0,0,0,0,0,0,0,0
E:\Source code on python\Other\bzr-2.5.0\bzrlib\lockable_files.py,0,0,0,1,0,1,0,0,0,0,0,0,0,0,0,0,0,0
E:\Source code on python\Other\bzr-2.5.0\bzrlib\revision.py,0,0,0,1,0,4,0,0,0,0,0,0,0,0,0,0,0,0
E:\Source code on python\Other\bzr-2.5.0\bzrlib\plugins\weave_fmt\repository.py,0,0,0,1,0,4,0,0,0,0,0,0,1,0,0,0,0,0
E:\Source code on python\Other\bzr-2.5.0\bzrlib\revisionspec.py,0,0,0,1,0,1,0,0,0,0,0,0,0,0,0,0,0,0
E:\Source code on python\Other\bzr-2.5.0\bzrlib\smart\client.py,0,0,0,1,0,0,0,0,0,0,0,0,0,0,0,0,0,0
E:\Source code on python\Other\bzr-2.5.0\bzrlib\smart\server.py,0,0,0,1,0,0,0,0,0,0,0,0,0,0,0,0,0,0
E:\Source code on python\Other\bzr-2.5.0\bzrlib\repofmt\knitrepo.py,0,0,0,1,0,2,0,0,0,0,0,0,1,0,0,0,0,0
E:\Source code on python\Other\bzr-2.5.0\bzrlib\mergetools.py,0,0,0,1,0,0,0,0,0,0,0,0,0,0,0,0,0,0
E:\Source code on python\Other\bzr-2.5.0\bzrlib\chk_serializer.py,0,0,0,1,0,1,0,0,0,0,0,0,1,0,0,0,0,0
E:\Source code on python\Other\bzr-2.5.0\bzrlib\shelf.py,0,0,0,1,0,0,0,0,0,0,0,0,0,0,0,0,0,0
E:\Source code on python\Other\bzr-2.5.0\bzrlib\help_topics\__init__.py,0,0,1,0,0,0,0,0,0,0,0,0,0,0,0,0,0,0
E:\Source code on python\Other\bzr-2.5.0\bzrlib\export_pot.py,0,4,1,0,0,4,1,0,0,0,0,0,1,0,0,0,0,0
E:\Source code on python\Other\bzr-2.5.0\tools\prepare_for_latex.py,0,0,0,0,0,0,0,0,0,0,0,0,0,0,0,0,0,0
E:\Source code on python\Other\bzr-2.5.0\profile_imports.py,0,0,0,0,0,0,0,0,0,0,0,0,0,0,0,0,0,0
E:\Source code on python\Other\bzr-2.5.0\bzrlib\tests\test_revert.py,0,0,0,0,0,0,0,0,0,0,0,0,0,0,0,0,0,0
E:\Source code on python\Other\bzr-2.5.0\bzrlib\tests\test_script.py,0,0,0,0,0,0,0,0,0,0,0,0,0,0,0,0,0,0
E:\Source code on python\Other\bzr-2.5.0\bzrlib\tests\test_ignores.py,0,0,0,0,0,0,0,0,0,0,0,0,0,0,0,0,0,0
E:\Source code on python\Other\bzr-2.5.0\bzrlib\tests\test_fixtures.py,0,0,0,0,0,0,0,0,0,0,0,0,0,0,0,0,0,0
E:\Source code on python\Other\bzr-2.5.0\bzrlib\tests\test_fifo_cache.py,0,0,0,0,0,0,0,0,0,0,0,0,6,0,0,0,0,0
E:\Source code on python\Other\bzr-2.5.0\bzrlib\tests\test_email_message.py,0,0,0,0,0,0,0,0,0,0,0,0,0,0,0,0,0,0
E:\Source code on python\Other\bzr-2.5.0\bzrlib\tests\test_extract.py,0,0,0,0,0,0,0,0,0,0,0,0,0,0,0,0,0,0
E:\Source code on python\Other\bzr-2.5.0\bzrlib\tests\per_repository_vf\test_reconcile.py,0,0,0,0,0,0,0,0,0,0,0,0,0,0,0,0,0,0
E:\Source code on python\Other\bzr-2.5.0\bzrlib\tests\per_repository_vf\test_refresh_data.py,0,0,0,0,0,0,0,0,0,0,0,0,0,0,0,0,0,0
E:\Source code on python\Other\bzr-2.5.0\bzrlib\tests\test_smtp_connection.py,0,0,0,0,0,0,0,0,0,0,0,0,0,0,0,0,0,0
E:\Source code on python\Other\bzr-2.5.0\bzrlib\tests\test_subsume.py,0,0,0,0,0,0,0,0,0,0,0,0,0,0,0,0,0,0
E:\Source code on python\Other\bzr-2.5.0\bzrlib\strace.py,0,0,0,0,0,0,0,0,0,0,0,0,0,0,0,0,0,0
E:\Source code on python\Other\bzr-2.5.0\bzrlib\tests\blackbox\test_view.py,0,0,0,0,0,0,0,0,0,0,0,0,0,0,0,0,0,0
E:\Source code on python\Other\bzr-2.5.0\bzrlib\tests\per_workingtree\test_parents.py,0,0,0,0,0,0,0,0,0,0,0,0,0,0,0,0,0,0
E:\Source code on python\Other\bzr-2.5.0\bzrlib\tests\test_shelf.py,0,0,0,0,0,0,0,0,0,0,0,0,0,0,0,0,0,0
E:\Source code on python\Other\bzr-2.5.0\bzrlib\tests\test_xml.py,0,0,0,0,0,0,0,0,0,0,0,0,0,0,0,0,0,0
E:\Source code on python\Other\bzr-2.5.0\bzrlib\tests\treeshape.py,0,0,0,0,0,0,0,0,0,0,0,0,0,0,0,0,0,0
E:\Source code on python\Other\bzr-2.5.0\bzrlib\tests\test_wsgi.py,0,0,0,0,0,0,0,0,0,0,0,0,0,0,0,0,0,0
E:\Source code on python\Other\bzr-2.5.0\bzrlib\transport\fakenfs.py,0,0,0,0,0,0,0,0,0,0,0,0,0,0,0,0,0,0
E:\Source code on python\Other\bzr-2.5.0\bzrlib\tests\test_vf_search.py,0,0,0,0,0,0,0,0,0,0,0,0,0,0,0,0,0,0
E:\Source code on python\Other\bzr-2.5.0\bzrlib\tests\test_versionedfile.py,0,0,0,0,0,0,0,0,0,0,0,0,0,0,0,0,0,0
E:\Source code on python\Other\bzr-2.5.0\bzrlib\transport\unlistable.py,0,0,0,0,0,0,0,0,0,0,0,0,0,0,0,0,0,0
E:\Source code on python\Other\bzr-2.5.0\bzrlib\tests\test_tsort.py,0,0,0,0,0,0,0,0,0,0,0,0,0,0,0,0,0,0
E:\Source code on python\Other\bzr-2.5.0\bzrlib\tests\test_textmerge.py,0,0,0,0,0,0,0,0,0,0,0,0,0,0,0,0,0,0
E:\Source code on python\Other\bzr-2.5.0\bzrlib\tests\test_timestamp.py,0,0,0,0,0,0,0,0,0,0,0,0,0,0,0,0,0,0
E:\Source code on python\Other\bzr-2.5.0\bzrlib\tests\test_library_state.py,0,0,0,0,0,0,0,0,0,0,0,0,0,0,0,0,0,0
E:\Source code on python\Other\bzr-2.5.0\bzrlib\tests\test_mergetools.py,0,0,0,0,0,0,0,0,0,0,0,0,0,0,0,0,0,0
E:\Source code on python\Other\bzr-2.5.0\bzrlib\tests\test_version.py,0,0,0,0,0,0,0,0,0,0,0,0,0,0,0,0,0,0
E:\Source code on python\Other\bzr-2.5.0\bzrlib\textfile.py,0,0,0,0,0,0,0,0,0,0,0,0,0,0,0,0,0,0
E:\Source code on python\Other\bzr-2.5.0\bzrlib\tests\test_version_info.py,0,0,0,0,0,0,0,0,0,0,0,0,0,0,0,0,0,0
E:\Source code on python\Other\bzr-2.5.0\bzrlib\tests\test_strace.py,0,0,0,0,0,0,0,0,0,0,0,0,0,0,0,0,0,0
E:\Source code on python\Other\bzr-2.5.0\bzrlib\tests\blackbox\test_version.py,0,0,0,0,0,0,0,0,0,0,0,0,0,0,0,0,0,0
E:\Source code on python\Other\bzr-2.5.0\bzrlib\tests\blackbox\test_tags.py,0,0,0,0,0,0,0,0,0,0,0,0,0,0,0,0,0,0
E:\Source code on python\Other\bzr-2.5.0\bzrlib\tests\blackbox\test_merge.py,0,0,0,0,0,0,0,0,0,0,0,0,0,0,0,0,0,0
E:\Source code on python\Other\bzr-2.5.0\bzrlib\tests\per_branch\test_pull.py,0,0,0,0,0,0,0,0,0,0,0,0,0,0,0,0,0,0
E:\Source code on python\Other\bzr-2.5.0\bzrlib\tests\blackbox\test_whoami.py,0,0,0,0,0,0,0,0,0,0,0,0,0,0,0,0,0,0
E:\Source code on python\Other\bzr-2.5.0\bzrlib\tests\blackbox\test_shelve.py,0,0,0,0,0,0,0,0,0,0,0,0,0,0,0,0,0,0
E:\Source code on python\Other\bzr-2.5.0\bzrlib\tests\blackbox\test_ignore.py,0,0,0,0,0,0,0,0,0,0,0,0,0,0,0,0,0,0
E:\Source code on python\Other\bzr-2.5.0\bzrlib\tests\blackbox\test_rmbranch.py,0,0,0,0,0,0,0,0,0,0,0,0,0,0,0,0,0,0
E:\Source code on python\Other\bzr-2.5.0\bzrlib\tests\blackbox\test_script.py,0,0,0,0,0,0,0,0,0,0,0,0,0,0,0,0,0,0
E:\Source code on python\Other\bzr-2.5.0\bzrlib\tests\blackbox\test_mv.py,0,0,0,0,0,0,0,0,0,0,0,0,0,0,0,0,0,0
E:\Source code on python\Other\bzr-2.5.0\bzrlib\tests\blackbox\test_pull.py,0,0,0,0,0,0,0,0,0,0,0,0,0,0,0,0,0,0
E:\Source code on python\Other\bzr-2.5.0\bzrlib\tests\blackbox\test_dump_btree.py,0,0,0,0,0,0,0,0,0,0,0,0,0,0,0,0,0,0
E:\Source code on python\Other\bzr-2.5.0\bzrlib\tests\per_repository_vf\test_check_reconcile.py,0,0,0,0,0,0,0,0,0,0,0,0,0,0,0,0,0,0
E:\Source code on python\Other\bzr-2.5.0\bzrlib\tests\per_repository_vf\test_merge_directive.py,0,0,0,0,0,0,0,0,0,0,0,0,0,0,0,0,0,0
E:\Source code on python\Other\bzr-2.5.0\bzrlib\tests\per_repository_reference\test_unlock.py,0,0,0,0,0,0,0,0,0,0,0,0,0,0,0,0,0,0
E:\Source code on python\Other\bzr-2.5.0\bzrlib\tests\per_tree\__init__.py,0,0,0,0,0,0,0,0,0,0,0,0,0,0,0,0,0,0
E:\Source code on python\Other\bzr-2.5.0\bzrlib\tests\per_tree\test_export.py,0,0,0,0,0,0,0,0,0,0,0,0,0,0,0,0,0,0
E:\Source code on python\Other\bzr-2.5.0\bzrlib\tests\per_repository_vf\test_find_text_key_references.py,0,0,0,0,0,0,0,0,0,0,0,0,0,0,0,0,0,0
E:\Source code on python\Other\bzr-2.5.0\bzrlib\tests\blackbox\test_too_much.py,0,0,0,0,0,0,0,0,0,0,0,0,0,0,0,0,0,0
E:\Source code on python\Other\bzr-2.5.0\bzrlib\tests\blackbox\test_remove.py,0,0,0,0,0,0,0,0,0,0,0,0,0,0,0,0,0,0
E:\Source code on python\Other\bzr-2.5.0\bzrlib\tests\test_patch.py,0,0,0,0,0,0,0,0,0,0,0,0,0,0,0,0,0,0
E:\Source code on python\Other\bzr-2.5.0\bzrlib\tests\test_progress.py,0,0,0,0,0,0,0,0,0,0,0,0,0,0,0,0,0,0
E:\Source code on python\Other\bzr-2.5.0\bzrlib\tests\test__rio.py,0,0,0,0,0,0,0,0,0,0,0,0,0,0,0,0,0,0
E:\Source code on python\Other\bzr-2.5.0\bzrlib\tests\per_repository_vf\test__generate_text_key_index.py,0,0,0,0,0,0,0,0,0,0,0,0,0,0,0,0,0,0
E:\Source code on python\Other\bzr-2.5.0\bzrlib\tests\per_tree\test_locking.py,0,0,0,0,0,0,0,0,0,0,0,0,0,0,0,0,0,0
E:\Source code on python\Other\bzr-2.5.0\tools\__init__.py,0,0,0,0,0,0,0,0,0,0,0,0,0,0,0,0,0,0
E:\Source code on python\Other\bzr-2.5.0\bzrlib\tests\testui.py,0,0,0,0,0,0,0,0,0,0,0,0,0,0,0,0,0,0
E:\Source code on python\Other\bzr-2.5.0\tools\win32\py2exe_boot_common.py,0,0,0,0,0,0,0,0,0,0,0,0,4,0,0,0,0,0
E:\Source code on python\Other\bzr-2.5.0\tools\win32\bzr_postinstall.py,0,0,0,0,0,0,0,0,0,0,0,0,1,0,0,0,0,0
E:\Source code on python\Other\bzr-2.5.0\bzrlib\plugins\po_merge\tests\test_po_merge.py,0,0,0,0,0,0,0,0,0,0,0,0,0,0,0,0,0,0
E:\Source code on python\Other\bzr-2.5.0\bzrlib\tests\ftp_server\__init__.py,0,0,0,0,0,0,0,0,0,0,0,0,0,0,0,0,0,0
E:\Source code on python\Other\bzr-2.5.0\bzrlib\bundle\serializer\v4.py,0,0,0,0,0,0,0,0,0,0,0,0,2,0,0,0,0,0
E:\Source code on python\Other\bzr-2.5.0\bzrlib\debug.py,0,0,0,0,0,0,0,0,0,0,0,0,0,0,0,0,0,0
E:\Source code on python\Other\bzr-2.5.0\bzrlib\doc\api\__init__.py,0,0,0,0,0,0,0,0,0,0,0,0,0,0,0,0,0,0
E:\Source code on python\Other\bzr-2.5.0\bzrlib\tests\per_workingtree\test_changes_from.py,0,0,0,0,0,0,0,0,0,0,0,0,0,0,0,0,0,0
E:\Source code on python\Other\bzr-2.5.0\bzrlib\iterablefile.py,0,0,0,0,0,0,0,0,0,0,0,0,0,0,0,0,0,0
E:\Source code on python\Other\bzr-2.5.0\bzrlib\plugins\changelog_merge\__init__.py,0,0,0,0,0,0,0,0,0,0,0,0,0,0,0,0,0,0
E:\Source code on python\Other\bzr-2.5.0\bzrlib\plugins\bash_completion\tests\__init__.py,0,0,0,0,0,0,0,0,0,0,0,0,0,0,0,0,0,0
E:\Source code on python\Other\bzr-2.5.0\bzrlib\util\_bencode_py.py,0,0,0,0,0,0,0,0,0,0,0,0,0,0,0,0,0,0
E:\Source code on python\Other\bzr-2.5.0\bzrlib\uncommit.py,0,0,0,0,0,0,0,0,0,0,0,0,0,0,0,0,0,0
E:\Source code on python\Other\bzr-2.5.0\tools\package_docs.py,0,0,0,0,0,0,0,0,0,0,0,0,0,0,0,0,0,0
E:\Source code on python\Other\bzr-2.5.0\bzrlib\tests\blackbox\test_version_info.py,0,0,0,0,0,0,0,0,0,0,0,0,0,0,0,0,0,0
E:\Source code on python\Other\bzr-2.5.0\bzrlib\tests\blackbox\test_bound_branches.py,0,0,0,0,0,0,0,0,0,0,0,0,0,0,0,0,0,0
E:\Source code on python\Other\bzr-2.5.0\bzrlib\lru_cache.py,0,0,0,0,0,0,0,0,0,0,0,0,0,0,0,0,0,0
E:\Source code on python\Other\bzr-2.5.0\bzrlib\bzr_distutils.py,0,0,0,0,0,0,0,0,0,0,0,0,0,0,0,0,0,0
E:\Source code on python\Other\bzr-2.5.0\bzrlib\cache_utf8.py,0,0,0,0,0,0,0,0,0,0,0,0,0,0,0,0,0,0
E:\Source code on python\Other\bzr-2.5.0\bzrlib\tests\blackbox\test_reconfigure.py,0,0,0,0,0,0,0,0,0,0,0,0,0,0,0,0,0,0
E:\Source code on python\Other\bzr-2.5.0\bzrlib\smart\repository.py,0,0,0,0,0,0,0,0,0,0,0,0,0,0,0,0,0,0
E:\Source code on python\Other\bzr-2.5.0\bzrlib\tests\test_atomicfile.py,0,0,0,0,0,0,0,0,0,0,0,0,0,0,0,0,0,0
E:\Source code on python\Other\bzr-2.5.0\bzrlib\tests\test_bugtracker.py,0,0,0,0,0,0,0,0,0,0,0,0,0,0,0,0,0,0
E:\Source code on python\Other\bzr-2.5.0\bzrlib\tests\test__annotator.py,0,0,0,0,0,0,0,0,0,0,0,0,0,0,0,0,0,0
E:\Source code on python\Other\bzr-2.5.0\bzrlib\tests\test__known_graph.py,0,0,0,0,0,0,0,0,0,0,0,0,0,0,0,0,0,0
E:\Source code on python\Other\bzr-2.5.0\bzrlib\tests\test_bisect_multi.py,0,0,0,0,0,0,0,0,0,0,0,0,4,0,0,0,0,0
E:\Source code on python\Other\bzr-2.5.0\bzrlib\tests\per_branch\test_iter_merge_sorted_revisions.py,0,0,0,0,0,0,0,0,0,0,0,0,0,0,0,0,0,0
E:\Source code on python\Other\bzr-2.5.0\bzrlib\tests\per_branch\test_bound_sftp.py,0,0,0,0,0,0,0,0,0,0,0,0,1,0,0,0,0,0
E:\Source code on python\Other\bzr-2.5.0\bzrlib\tests\per_branch\test_dotted_revno_to_revision_id.py,0,0,0,0,0,0,0,0,0,0,0,0,0,0,0,0,0,0
E:\Source code on python\Other\bzr-2.5.0\bzrlib\tests\per_workingtree\test_move.py,0,0,0,0,0,0,0,0,0,0,0,0,0,0,0,0,0,0
E:\Source code on python\Other\bzr-2.5.0\tools\generate_docs.py,0,0,0,0,0,0,0,0,0,0,0,0,0,0,0,0,0,0
E:\Source code on python\Other\bzr-2.5.0\tools\rst2prettyhtml.py,0,0,0,0,0,0,0,0,0,0,0,0,0,0,0,0,0,0
E:\Source code on python\Other\bzr-2.5.0\bzrlib\xml6.py,0,0,0,0,0,0,0,0,0,0,0,0,0,0,0,0,0,0
E:\Source code on python\Other\bzr-2.5.0\doc\en\conf.py,0,0,0,0,0,0,0,0,0,0,0,0,0,0,0,0,0,0
E:\Source code on python\Other\bzr-2.5.0\bzrlib\smtp_connection.py,0,0,0,0,0,0,0,0,0,0,0,0,0,0,0,0,0,0
E:\Source code on python\Other\bzr-2.5.0\bzrlib\tests\blackbox\test_init.py,0,0,0,0,0,0,0,0,0,0,0,0,0,0,0,0,0,0
E:\Source code on python\Other\bzr-2.5.0\bzrlib\tests\blackbox\test_conflicts.py,0,0,0,0,0,0,0,0,0,0,0,0,0,0,0,0,0,0
E:\Source code on python\Other\bzr-2.5.0\bzrlib\tests\test_filters.py,0,0,0,0,0,0,0,0,0,0,0,0,0,0,0,0,0,0
E:\Source code on python\Other\bzr-2.5.0\bzrlib\tests\blackbox\test_commit.py,0,0,0,0,0,0,0,0,0,0,0,0,4,0,0,0,0,0
E:\Source code on python\Other\bzr-2.5.0\bzrlib\tests\blackbox\test_diff.py,0,0,0,0,0,0,0,0,0,0,0,0,0,0,0,0,0,0
E:\Source code on python\Other\bzr-2.5.0\bzrlib\tests\test_smart_add.py,0,0,0,0,0,0,0,0,0,0,0,0,0,0,0,0,0,0
E:\Source code on python\Other\bzr-2.5.0\bzrlib\tests\blackbox\test_export_pot.py,0,0,0,0,0,0,0,0,0,0,0,0,0,0,0,0,0,0
E:\Source code on python\Other\bzr-2.5.0\bzrlib\tests\blackbox\test_check.py,0,0,0,0,0,0,0,0,0,0,0,0,0,0,0,0,0,0
E:\Source code on python\Other\bzr-2.5.0\bzrlib\tests\blackbox\test_logformats.py,0,0,0,0,0,0,0,0,0,0,0,0,0,0,0,0,0,0
E:\Source code on python\Other\bzr-2.5.0\bzrlib\tests\blackbox\test_dpush.py,0,0,0,0,0,0,0,0,0,0,0,0,0,0,0,0,0,0
E:\Source code on python\Other\bzr-2.5.0\bzrlib\tests\test_cache_utf8.py,0,0,0,0,0,0,0,0,0,0,0,0,0,0,0,0,0,0
E:\Source code on python\Other\bzr-2.5.0\bzrlib\tests\test_counted_lock.py,0,0,0,0,0,0,0,0,0,0,0,0,1,0,0,0,0,0
E:\Source code on python\Other\bzr-2.5.0\bzrlib\tests\test_export.py,0,0,0,0,0,0,0,0,0,0,0,0,0,0,0,0,0,0
E:\Source code on python\Other\bzr-2.5.0\bzrlib\tests\test_gpg.py,0,0,0,0,0,0,0,0,0,0,0,0,0,0,0,0,0,0
E:\Source code on python\Other\bzr-2.5.0\bzrlib\tests\test_ftp_transport.py,0,0,0,0,0,0,0,0,0,0,0,0,0,0,0,0,0,0
E:\Source code on python\Other\bzr-2.5.0\bzrlib\tests\test_estimate_compressed_size.py,0,0,0,0,0,0,0,0,0,0,0,0,0,0,0,0,0,0
E:\Source code on python\Other\bzr-2.5.0\bzrlib\tests\test_eol_filters.py,0,0,0,0,0,0,0,0,0,0,0,0,0,0,0,0,0,0
E:\Source code on python\Other\bzr-2.5.0\bzrlib\tests\test_upgrade_stacked.py,0,0,0,0,0,0,0,0,0,0,0,0,0,0,0,0,0,0
E:\Source code on python\Other\bzr-2.5.0\bzrlib\tests\test_shelf_ui.py,0,0,0,0,0,0,0,0,0,0,0,0,0,0,0,0,0,0
E:\Source code on python\Other\bzr-2.5.0\bzrlib\tests\per_branch\test_parent.py,0,0,0,0,0,0,0,0,0,0,0,0,0,0,0,0,0,0
E:\Source code on python\Other\bzr-2.5.0\bzrlib\tests\test_branchbuilder.py,0,0,0,0,0,0,0,0,0,0,0,0,0,0,0,0,0,0
E:\Source code on python\Other\bzr-2.5.0\bzrlib\tests\per_branch\test_http.py,0,0,0,0,0,0,0,0,0,0,0,0,0,0,0,0,0,0
E:\Source code on python\Other\bzr-2.5.0\bzrlib\tests\test_store.py,0,0,0,0,0,0,0,0,0,0,0,0,1,0,0,0,0,0
E:\Source code on python\Other\bzr-2.5.0\bzrlib\tests\per_workingtree\test_nested_specifics.py,0,0,0,0,0,0,0,0,0,0,0,0,0,0,0,0,0,0
E:\Source code on python\Other\bzr-2.5.0\bzrlib\tests\per_workingtree\test_add_reference.py,0,0,0,0,0,0,0,0,0,0,0,0,0,0,0,0,0,0
E:\Source code on python\Other\bzr-2.5.0\bzrlib\tests\per_workingtree\test_smart_add.py,0,0,0,0,0,0,0,0,0,0,0,0,0,0,0,0,0,0
E:\Source code on python\Other\bzr-2.5.0\bzrlib\tests\ssl_certs\__init__.py,0,0,0,0,0,0,0,0,0,0,0,0,0,0,0,0,0,0
E:\Source code on python\Other\bzr-2.5.0\bzrlib\tests\per_workingtree\test_revision_tree.py,0,0,0,0,0,0,0,0,0,0,0,0,0,0,0,0,0,0
E:\Source code on python\Other\bzr-2.5.0\bzrlib\tests\per_workingtree\test_merge_from_branch.py,0,0,0,0,0,0,0,0,0,0,0,0,0,0,0,0,0,0
E:\Source code on python\Other\bzr-2.5.0\bzrlib\tests\per_repository_reference\test_fetch.py,0,0,0,0,0,0,0,0,0,0,0,0,0,0,0,0,0,0
E:\Source code on python\Other\bzr-2.5.0\bzrlib\tests\per_repository\test_statistics.py,0,0,0,0,0,0,0,0,0,0,0,0,0,0,0,0,0,0
E:\Source code on python\Other\bzr-2.5.0\bzrlib\tests\per_repository\test_signatures.py,0,0,0,0,0,0,0,0,0,0,0,0,0,0,0,0,0,0
E:\Source code on python\Other\bzr-2.5.0\bzrlib\tests\per_repository_chk\test_unsupported.py,0,0,0,0,0,0,0,0,0,0,0,0,0,0,0,0,0,0
E:\Source code on python\Other\bzr-2.5.0\bzrlib\shelf_ui.py,0,0,0,0,0,0,0,0,0,0,0,0,0,0,0,0,0,0
E:\Source code on python\Other\bzr-2.5.0\bzrlib\shellcomplete.py,0,0,0,0,0,0,0,0,0,0,0,0,0,0,0,0,0,0
E:\Source code on python\Other\bzr-2.5.0\bzrlib\tests\doc_generate\builders\__init__.py,0,0,0,0,0,0,0,0,0,0,0,0,0,0,0,0,0,0
E:\Source code on python\Other\bzr-2.5.0\bzrlib\tests\commands\test_push.py,0,0,0,0,0,0,0,0,0,0,0,0,0,0,0,0,0,0
E:\Source code on python\Other\bzr-2.5.0\bzrlib\plugins\po_merge\__init__.py,0,0,0,0,0,0,0,0,0,0,0,0,0,0,0,0,0,0
E:\Source code on python\Other\bzr-2.5.0\bzrlib\tests\per_lock\__init__.py,0,0,0,0,0,0,0,0,0,0,0,0,0,0,0,0,0,0
E:\Source code on python\Other\bzr-2.5.0\bzrlib\tests\blackbox\test_deleted.py,0,0,0,0,0,0,0,0,0,0,0,0,0,0,0,0,0,0
E:\Source code on python\Other\bzr-2.5.0\bzrlib\tests\blackbox\test_pack.py,0,0,0,0,0,0,0,0,0,0,0,0,0,0,0,0,0,0
E:\Source code on python\Other\bzr-2.5.0\bzrlib\tests\blackbox\test_lsprof.py,0,0,0,0,0,0,0,0,0,0,0,0,0,0,0,0,0,0
E:\Source code on python\Other\bzr-2.5.0\bzrlib\tests\blackbox\test_serve.py,0,0,0,0,0,0,0,0,0,0,0,0,0,0,0,0,0,0
E:\Source code on python\Other\bzr-2.5.0\bzrlib\transport\nosmart.py,0,0,0,0,0,0,0,0,0,0,0,0,0,0,0,0,0,0
E:\Source code on python\Other\bzr-2.5.0\bzrlib\treebuilder.py,0,0,0,0,0,0,0,0,0,0,0,0,0,0,0,0,0,0
E:\Source code on python\Other\bzr-2.5.0\bzrlib\tests\test_treebuilder.py,0,0,0,0,0,0,0,0,0,0,0,0,0,0,0,0,0,0
E:\Source code on python\Other\bzr-2.5.0\bzrlib\tests\blackbox\test_shell_complete.py,0,0,0,0,0,0,0,0,0,0,0,0,0,0,0,0,0,0
E:\Source code on python\Other\bzr-2.5.0\bzrlib\tests\blackbox\test_testament.py,0,0,0,0,0,0,0,0,0,0,0,0,0,0,0,0,0,0
E:\Source code on python\Other\bzr-2.5.0\bzrlib\textinv.py,0,0,0,0,0,0,0,0,0,0,0,0,0,0,0,0,0,0
E:\Source code on python\Other\bzr-2.5.0\bzrlib\tests\test_lockable_files.py,0,0,0,0,0,0,0,0,0,0,0,0,1,0,0,0,0,0
E:\Source code on python\Other\bzr-2.5.0\bzrlib\tests\test__chunks_to_lines.py,0,0,0,0,0,0,0,0,0,0,0,0,0,0,0,0,0,0
E:\Source code on python\Other\bzr-2.5.0\bzrlib\plugins\changelog_merge\changelog_merge.py,0,0,0,0,0,0,0,0,0,0,0,0,2,0,0,0,0,0
E:\Source code on python\Other\bzr-2.5.0\bzrlib\doc_generate\builders\__init__.py,0,0,0,0,0,0,0,0,0,0,0,0,0,0,0,0,0,0
E:\Source code on python\Other\bzr-2.5.0\bzrlib\doc_generate\autodoc_bash_completion.py,0,0,0,0,0,0,0,0,0,0,0,0,0,0,0,0,0,0
E:\Source code on python\Other\bzr-2.5.0\bzrlib\plugins\weave_fmt\__init__.py,0,0,0,0,0,0,0,0,0,0,0,0,0,0,0,0,0,0
E:\Source code on python\Other\bzr-2.5.0\bzrlib\missing.py,0,0,0,0,0,0,0,0,0,0,0,0,0,0,0,0,0,0
E:\Source code on python\Other\bzr-2.5.0\bzrlib\msgeditor.py,0,0,0,0,0,0,0,0,0,0,0,0,1,0,0,0,0,0
E:\Source code on python\Other\bzr-2.5.0\bzrlib\inter.py,0,0,0,0,0,0,0,0,0,0,0,0,0,0,0,0,0,0
E:\Source code on python\Other\bzr-2.5.0\bzrlib\memorytree.py,0,0,0,0,0,0,0,0,0,0,0,0,0,0,0,0,0,0
E:\Source code on python\Other\bzr-2.5.0\bzrlib\bencode.py,0,0,0,0,0,0,0,0,0,0,0,0,0,0,0,0,0,0
E:\Source code on python\Other\bzr-2.5.0\bzrlib\_known_graph_py.py,0,0,0,0,0,0,0,0,0,0,0,0,3,0,0,0,0,0
E:\Source code on python\Other\bzr-2.5.0\bzrlib\_patiencediff_py.py,0,0,0,0,0,0,0,0,0,0,0,0,1,0,0,0,0,0
E:\Source code on python\Other\bzr-2.5.0\bzrlib\_groupcompress_py.py,0,0,0,0,0,0,0,0,0,0,0,0,0,0,0,0,0,0
E:\Source code on python\Other\bzr-2.5.0\bzrlib\_rio_py.py,0,0,0,0,0,0,0,0,0,0,0,0,0,0,0,0,0,0
E:\Source code on python\Other\bzr-2.5.0\bzrlib\api.py,0,0,0,0,0,0,0,0,0,0,0,0,0,0,0,0,0,0
E:\Source code on python\Other\bzr-2.5.0\bzrlib\_btree_serializer_py.py,0,0,0,0,0,0,0,0,0,0,0,0,0,0,0,0,0,0
E:\Source code on python\Other\bzr-2.5.0\bzrlib\bundle\serializer\v09.py,0,0,0,0,0,0,0,0,0,0,0,0,0,0,0,0,0,0
E:\Source code on python\Other\bzr-2.5.0\bzrlib\util\configobj\__init__.py,0,0,0,0,0,0,0,0,0,0,0,0,0,0,0,0,0,0
E:\Source code on python\Other\bzr-2.5.0\bzrlib\tests\per_repository_reference\test_add_revision.py,0,0,0,0,0,0,0,0,0,0,0,0,0,0,0,0,0,0
E:\Source code on python\Other\bzr-2.5.0\bzrlib\tsort.py,0,0,0,0,0,0,0,0,0,0,0,0,0,0,0,0,0,0
E:\Source code on python\Other\bzr-2.5.0\bzrlib\tests\per_interrepository\test_interrepository.py,0,0,0,0,0,0,0,0,0,0,0,0,0,0,0,0,0,0
E:\Source code on python\Other\bzr-2.5.0\bzrlib\estimate_compressed_size.py,0,0,0,0,0,0,0,0,0,0,0,0,0,0,0,0,0,0
E:\Source code on python\Other\bzr-2.5.0\bzrlib\tests\per_branch\test_last_revision_info.py,0,0,0,0,0,0,0,0,0,0,0,0,0,0,0,0,0,0
E:\Source code on python\Other\bzr-2.5.0\bzrlib\transport\http\_pycurl.py,0,0,0,0,0,0,0,0,0,0,0,0,0,0,0,0,0,0
E:\Source code on python\Other\bzr-2.5.0\bzrlib\counted_lock.py,0,0,0,0,0,0,0,0,0,0,0,0,0,0,0,0,0,0
E:\Source code on python\Other\bzr-2.5.0\bzrlib\externalcommand.py,0,0,0,0,0,0,0,0,0,0,0,0,0,0,0,0,0,0
E:\Source code on python\Other\bzr-2.5.0\bzrlib\export\zip_exporter.py,0,0,0,0,0,0,0,0,0,0,0,0,0,0,0,0,0,0
E:\Source code on python\Other\bzr-2.5.0\bzrlib\doc_generate\autodoc_man.py,0,0,0,0,0,0,0,0,0,0,0,0,0,0,0,0,0,0
E:\Source code on python\Other\bzr-2.5.0\bzrlib\plugins\launchpad\test_register.py,0,0,0,0,0,0,0,0,0,0,0,0,0,0,0,0,0,0
E:\Source code on python\Other\bzr-2.5.0\bzrlib\add.py,0,0,0,0,0,0,0,0,0,0,0,0,0,0,0,0,0,0
E:\Source code on python\Other\bzr-2.5.0\bzrlib\_knit_load_data_py.py,0,0,0,0,0,0,0,0,0,0,0,0,0,0,0,0,0,0
E:\Source code on python\Other\bzr-2.5.0\bzrlib\bisect_multi.py,0,0,0,0,0,0,0,0,0,0,0,0,0,0,0,0,0,0
E:\Source code on python\Other\bzr-2.5.0\bzrlib\_chk_map_py.py,0,0,0,0,0,0,0,0,0,0,0,0,0,0,0,0,0,0
E:\Source code on python\Other\bzr-2.5.0\bzrlib\_readdir_py.py,0,0,0,0,0,0,0,0,0,0,0,0,0,0,0,0,0,0
E:\Source code on python\Other\bzr-2.5.0\bzrlib\_chunks_to_lines_py.py,0,0,0,0,0,0,0,0,0,0,0,0,0,0,0,0,0,0
E:\Source code on python\Other\bzr-2.5.0\apport\source_bzr.py,0,0,0,0,0,0,0,0,0,0,0,0,0,0,0,0,0,0
E:\Source code on python\Other\bzr-2.5.0\bzrlib\help.py,0,0,0,0,0,0,0,0,0,0,0,0,0,0,0,0,0,0
E:\Source code on python\Other\bzr-2.5.0\bzrlib\plugins\netrc_credential_store\__init__.py,0,0,0,1,0,0,0,0,0,0,0,0,0,0,0,0,0,0
E:\Source code on python\Other\bzr-2.5.0\bzrlib\library_state.py,0,0,0,1,0,0,0,0,0,0,0,0,0,0,0,0,0,0
E:\Source code on python\Other\bzr-2.5.0\bzrlib\btree_index.py,0,0,0,1,0,0,0,0,0,0,0,0,1,0,0,0,0,0
E:\Source code on python\Other\bzr-2.5.0\bzrlib\bugtracker.py,0,0,0,1,0,0,0,0,0,0,0,0,0,0,0,0,0,0
E:\Source code on python\Other\bzr-2.5.0\bzrlib\groupcompress.py,0,0,0,1,0,1,0,0,0,0,0,0,15,0,0,0,0,0
E:\Source code on python\Other\bzr-2.5.0\bzrlib\generate_ids.py,0,0,0,1,0,0,0,0,0,0,0,0,0,0,0,0,0,0
E:\Source code on python\Other\bzr-2.5.0\bzrlib\tests\test_branch.py,4,0,0,0,0,1,0,0,0,0,0,0,1,0,0,0,0,0
E:\Source code on python\Other\bzr-2.5.0\bzrlib\plugins\launchpad\lp_propose.py,0,0,0,1,0,0,0,0,0,0,0,0,0,0,0,0,0,0
E:\Source code on python\Other\bzr-2.5.0\bzrlib\_annotator_py.py,0,0,0,1,0,0,0,0,0,0,0,0,2,0,0,0,0,0
E:\Source code on python\Other\bzr-2.5.0\bzrlib\cmd_version_info.py,0,0,0,1,0,0,0,0,0,0,0,0,0,0,0,0,0,0
E:\Source code on python\Other\bzr-2.5.0\bzrlib\directory_service.py,0,0,0,1,0,0,0,0,0,0,0,0,0,0,0,0,0,0
E:\Source code on python\Other\bzr-2.5.0\bzrlib\bundle\__init__.py,0,0,0,1,0,0,0,0,0,0,0,0,0,0,0,0,0,0
E:\Source code on python\Other\bzr-2.5.0\bzrlib\versionedfile.py,0,2,0,1,0,4,0,0,0,0,0,0,3,0,0,0,0,0
E:\Source code on python\Other\bzr-2.5.0\bzrlib\foreign.py,0,0,0,1,0,0,0,0,0,0,0,0,0,0,0,0,0,0
E:\Source code on python\Other\bzr-2.5.0\bzrlib\urlutils.py,0,0,0,1,0,5,0,0,0,0,0,0,0,0,0,0,0,0
E:\Source code on python\Other\bzr-2.5.0\bzrlib\tests\per_repository\__init__.py,0,1,0,0,0,0,0,0,0,0,0,0,0,0,0,0,0,0
E:\Source code on python\Other\bzr-2.5.0\bzrlib\tests\blackbox\test_send.py,0,1,0,0,0,0,0,0,0,0,0,0,0,0,0,0,0,0
E:\Source code on python\Other\bzr-2.5.0\bzrlib\trace.py,0,5,0,2,0,6,0,0,0,0,0,0,1,0,0,0,0,0
E:\Source code on python\Other\bzr-2.5.0\bzrlib\commit_signature_commands.py,0,0,0,1,0,0,0,0,0,0,0,0,0,0,0,0,0,0
E:\Source code on python\Other\bzr-2.5.0\bzrlib\smart\packrepository.py,0,1,0,0,0,0,0,0,0,0,0,0,0,0,0,0,0,0
E:\Source code on python\Other\bzr-2.5.0\bzrlib\errors.py,0,5,0,0,0,3,0,0,0,0,1,0,0,0,0,0,0,0
E:\Source code on python\Other\bzr-2.5.0\bzrlib\tests\test_transport_log.py,0,2,0,0,0,0,0,0,0,0,0,0,0,0,0,0,0,0
E:\Source code on python\Other\bzr-2.5.0\bzrlib\repofmt\pack_repo.py,0,3,0,1,0,0,0,0,0,0,1,0,10,0,0,0,0,0
E:\Source code on python\Other\bzr-2.5.0\bzrlib\tests\per_transport.py,0,2,0,0,0,8,0,0,0,0,0,0,2,0,0,0,0,0
E:\Source code on python\Other\bzr-2.5.0\tools\riodemo.py,0,1,0,0,0,0,0,0,0,0,0,0,0,0,0,0,0,0
E:\Source code on python\Other\bzr-2.5.0\bzrlib\tests\test_transactions.py,0,3,0,0,0,0,0,0,0,0,0,0,2,0,0,0,0,0
E:\Source code on python\Other\bzr-2.5.0\bzrlib\__init__.py,0,2,0,0,0,0,0,0,0,0,0,0,1,0,0,0,0,0
E:\Source code on python\Other\bzr-2.5.0\bzrlib\mutabletree.py,0,1,0,1,0,3,0,0,0,0,0,0,0,0,0,0,0,0
E:\Source code on python\Other\bzr-2.5.0\bzrlib\status.py,0,1,0,0,0,0,0,0,0,0,0,0,0,0,0,0,0,0
E:\Source code on python\Other\bzr-2.5.0\bzrlib\chk_map.py,0,1,0,1,0,0,0,0,0,0,0,0,4,0,0,0,0,0
E:\Source code on python\Other\bzr-2.5.0\bzrlib\smart\medium.py,0,4,0,1,0,0,2,0,0,0,0,0,0,0,0,0,0,0
E:\Source code on python\Other\bzr-2.5.0\bzrlib\tests\per_repository_vf\test_repository.py,0,1,0,0,0,0,0,0,0,0,0,0,0,0,0,0,0,0
E:\Source code on python\Other\bzr-2.5.0\bzrlib\tests\per_tree\test_tree.py,0,3,0,0,0,1,0,0,0,0,0,0,0,0,0,0,0,0
E:\Source code on python\Other\bzr-2.5.0\bzrlib\tests\per_foreign_vcs\test_branch.py,0,4,0,0,0,0,0,0,0,0,0,0,0,0,0,0,0,0
E:\Source code on python\Other\bzr-2.5.0\bzrlib\tests\features.py,1,2,0,0,0,0,0,0,0,0,0,0,0,0,0,0,1,0
