boto/ec2/snapshot.py,1
boto/sqs/__init__.py,1
boto/ec2/securitygroup.py,1
boto/ec2/autoscale/__init__.py,2
boto/s3/bucket.py,3
boto/s3/deletemarker.py,1
boto/mturk/connection.py,2
boto/ec2/connection.py,3
boto/fps/connection.py,1
boto/cloudfront/distribution.py,1
boto/ses/connection.py,1
boto/sns/connection.py,1
boto/vpc/__init__.py,1
boto/s3/multipart.py,1
boto/ec2/instance.py,2
boto/ec2/__init__.py,1
boto/ec2/instancestatus.py,1
boto/rds/__init__.py,3
boto/ec2/autoscale/launchconfig.py,1
boto/connection.py,1
